variable,lead_hours,model,n_expected,n_matched,rmse,bias,mae,case
msl,6.0,FCN,5589,5589,35.00460645721955,-11.212152818206402,27.30442664362714,2022-01-01
msl,6.0,persistence,5589,5589,203.66220391430755,113.73013820722504,155.70750239757336,2022-01-01
msl,12.0,FCN,5589,5589,33.833288226846925,-10.235228879814033,26.049947239424373,2022-01-01
msl,12.0,persistence,5589,5589,182.12779791769503,-35.166651380339914,135.7989202078416,2022-01-01
msl,18.0,FCN,5589,5589,36.0129983401359,-9.502032632728158,28.87050491586782,2022-01-01
msl,18.0,persistence,5589,5589,191.53392517740642,-92.49740789780594,131.20270805898755,2022-01-01
msl,24.0,FCN,5589,5589,43.07221939768993,-18.809664306887093,32.93473270195234,2022-01-01
msl,24.0,persistence,5589,5589,345.5259693536508,-276.5687965842612,278.11692813517334,2022-01-01
msl,30.0,FCN,5589,5589,36.57272517624408,-6.108790834584732,28.43585568312167,2022-01-01
msl,30.0,persistence,5589,5589,236.94310996920862,-65.29692514048557,167.27897863519982,2022-01-01
msl,36.0,FCN,5589,5589,41.80629750079446,7.962200942568212,30.162991908204067,2022-01-01
msl,36.0,persistence,5589,5589,264.41433409998274,-113.69445090521513,184.5438732658987,2022-01-01
msl,42.0,FCN,5589,5589,56.19290501038498,10.806117094000845,46.36337095957848,2022-01-01
msl,42.0,persistence,5589,5589,244.0847272109468,-140.2605249588656,175.53505333658998,2022-01-01
msl,48.0,FCN,5589,5589,49.56119456710138,17.394896396280124,40.92580076354962,2022-01-01
msl,48.0,persistence,5589,5589,395.15345683247347,-325.9035664880375,327.0655661134325,2022-01-01
msl,54.0,FCN,5589,5589,66.62607211397265,17.896471845601667,55.636891796679556,2022-01-01
msl,54.0,persistence,5589,5589,334.5872946614089,-160.41734852693503,257.7181689247636,2022-01-01
msl,60.0,FCN,5589,5589,102.4266461795811,37.34230890180597,79.54787588448383,2022-01-01
msl,60.0,persistence,5589,5589,410.71787970928546,-250.66017776500115,317.7739850163569,2022-01-01
msl,66.0,FCN,5589,5589,94.11379996449712,17.124126990633112,81.59941540501109,2022-01-01
msl,66.0,persistence,5589,5589,447.9330831313168,-340.44658199070886,367.18478464770953,2022-01-01
msl,72.0,FCN,5589,5589,87.80003346033362,12.480673870033325,72.82403878057879,2022-01-01
msl,72.0,persistence,5589,5589,647.4614160671157,-554.0972443060494,555.5638423810524,2022-01-01
msl,78.0,FCN,5589,5589,100.4633490241648,7.420685461132416,82.88413506517276,2022-01-01
msl,78.0,persistence,5589,5589,560.0449161794643,-351.12754510749517,414.806987014004,2022-01-01
msl,84.0,FCN,5589,5589,115.32491039680153,14.02416812869398,91.83954039854027,2022-01-01
msl,84.0,persistence,5589,5589,614.4260651199279,-407.0256728346602,449.7423980017473,2022-01-01
msl,90.0,FCN,5589,5589,110.39207509563371,41.10564102027418,84.67703801028655,2022-01-01
msl,90.0,persistence,5589,5589,576.570621853543,-380.6143645062516,412.3484464810469,2022-01-01
msl,96.0,FCN,5589,5589,131.63565914215002,90.34740300781348,109.4704108168925,2022-01-01
msl,96.0,persistence,5589,5589,662.139506462945,-489.6388454208796,492.93401005666755,2022-01-01
msl,102.0,FCN,5589,5589,169.8752578747437,136.04815456453534,146.71148847899642,2022-01-01
msl,102.0,persistence,5589,5589,484.20449711157585,-203.24357454929466,314.16768296134495,2022-01-01
msl,108.0,FCN,5589,5589,227.73223444933657,165.9116173512079,190.07098129846895,2022-01-01
msl,108.0,persistence,5589,5589,441.48832170086087,-221.642818269976,280.8162769496688,2022-01-01
msl,114.0,FCN,5589,5589,208.19506195602742,145.84055808338147,165.2540802528907,2022-01-01
msl,114.0,persistence,5589,5589,396.66028975680587,-234.6602849753611,267.36994991469584,2022-01-01
msl,120.0,FCN,5589,5589,208.09012530392823,130.3243503218444,169.836838387626,2022-01-01
msl,120.0,persistence,5589,5589,505.1436887734449,-391.3094231922192,393.81339455883233,2022-01-01
msl,126.0,FCN,5589,5589,188.61635541700738,69.53550480226781,159.58537737237324,2022-01-01
msl,126.0,persistence,5589,5589,434.2888898329218,-234.71972613804158,310.31493442092415,2022-01-01
msl,132.0,FCN,5589,5589,225.98281124396556,-0.06268363133839895,185.1977823626802,2022-01-01
msl,132.0,persistence,5589,5589,527.1790425900404,-337.0468064365984,383.40837620482876,2022-01-01
msl,138.0,FCN,5589,5589,176.7997396829185,-65.12268714293863,139.6097174763006,2022-01-01
msl,138.0,persistence,5589,5589,537.5024152881375,-404.12924920041525,407.29475936055377,2022-01-01
msl,144.0,FCN,5589,5589,216.66563502880805,-131.6194496684399,175.23493656207043,2022-01-01
msl,144.0,persistence,5589,5589,702.3825130882282,-583.4189641194351,583.4189641194351,2022-01-01
msl,150.0,FCN,5589,5589,235.15384807033595,-165.26295289676656,201.77892513731405,2022-01-01
msl,150.0,persistence,5589,5589,548.7062105775806,-367.24405280182685,390.49141215465505,2022-01-01
msl,156.0,FCN,5589,5589,255.80875775637708,-194.88942384262222,221.26260743393638,2022-01-01
msl,156.0,persistence,5589,5589,519.680501547424,-376.17575574386126,400.7405026629326,2022-01-01
msl,162.0,FCN,5589,5589,164.57255823117632,-101.84562143500739,136.7678416414209,2022-01-01
msl,162.0,persistence,5589,5589,376.18303326481254,-245.9631631553638,286.96402972278423,2022-01-01
msl,168.0,FCN,5589,5589,155.75856813496964,-38.10262202760359,123.91764706161983,2022-01-01
msl,168.0,persistence,5589,5589,389.4903681139529,-287.46384628712565,327.27024861510074,2022-01-01
msl,174.0,FCN,5589,5589,261.15962778581337,76.51629980037129,217.09258357335952,2022-01-01
msl,174.0,persistence,5589,5589,292.85353217639977,30.53755090766532,212.89917401345923,2022-01-01
msl,180.0,FCN,5589,5589,338.28500961194544,62.06679282220049,273.5399052627952,2022-01-01
msl,180.0,persistence,5589,5589,304.9130809599074,-32.834400201034924,239.80400657802292,2022-01-01
msl,186.0,FCN,5589,5589,366.73836339078457,17.245906576552773,289.905399190298,2022-01-01
msl,186.0,persistence,5589,5589,295.98556925274386,-96.19836562799556,252.33394249244083,2022-01-01
msl,192.0,FCN,5589,5589,367.56242286451385,-70.94359856998427,289.1429282829132,2022-01-01
msl,192.0,persistence,5589,5589,413.1306523341215,-333.81419721668334,367.259723504164,2022-01-01
msl,198.0,FCN,5589,5589,329.97904940932307,-108.60348850574286,235.77224452453444,2022-01-01
msl,198.0,persistence,5589,5589,345.3531825583883,-183.6306445535748,297.6996824148933,2022-01-01
msl,204.0,FCN,5589,5589,392.58426856730057,-256.35199671528966,287.5914516187759,2022-01-01
msl,204.0,persistence,5589,5589,475.6406496060262,-374.12845359189373,419.01203981184887,2022-01-01
msl,210.0,FCN,5589,5589,464.9174604096459,-342.15142117959925,349.7039951474478,2022-01-01
msl,210.0,persistence,5589,5589,563.7134136015266,-473.1107634461502,491.4887042830737,2022-01-01
msl,216.0,FCN,5589,5589,566.3074404657465,-441.2397257105316,446.05468522932125,2022-01-01
msl,216.0,persistence,5589,5589,799.9277748968619,-724.3309990502548,724.3309990502548,2022-01-01
msl,222.0,FCN,5589,5589,587.5204568424737,-422.35921496349664,458.3714278794864,2022-01-01
msl,222.0,persistence,5589,5589,680.166899409978,-532.3535986138564,544.3354693327042,2022-01-01
msl,228.0,FCN,5589,5589,581.8043562542741,-396.9619711517612,447.6793850195822,2022-01-01
msl,228.0,persistence,5589,5589,722.8274907222785,-581.342432513516,584.0693378846189,2022-01-01
msl,234.0,FCN,5589,5589,564.1855021851263,-358.06529958851814,422.28483116099324,2022-01-01
msl,234.0,persistence,5589,5589,701.1001358104634,-573.4363814220733,574.1906496005123,2022-01-01
msl,240.0,FCN,5589,5589,593.228588776493,-398.61035659768663,450.5786665421306,2022-01-01
msl,240.0,persistence,5589,5589,850.025368068699,-750.0085637858452,750.0085637858452,2022-01-01
t2m,6.0,FCN,5589,5589,0.6942056990858586,-0.14973652917258953,0.4530541873864289,2022-01-01
t2m,6.0,persistence,5589,5589,5.3181538601591924,-3.5132687795696538,3.662832264329094,2022-01-01
t2m,12.0,FCN,5589,5589,0.7589935073790973,0.05997283520878014,0.5328673614416535,2022-01-01
t2m,12.0,persistence,5589,5589,2.4287270324797983,-1.0847751835406407,1.651329652305699,2022-01-01
t2m,18.0,FCN,5589,5589,0.7217430019718686,-0.12560450390707653,0.5192864515198217,2022-01-01
t2m,18.0,persistence,5589,5589,2.625339251239036,1.6662382323114349,1.8827722566627187,2022-01-01
t2m,24.0,FCN,5589,5589,0.7220415459190977,-0.23773590244574835,0.5066089135267353,2022-01-01
t2m,24.0,persistence,5589,5589,1.5188891759854888,0.19330569289811975,1.0195319054401448,2022-01-01
t2m,30.0,FCN,5589,5589,0.8411462349595562,-0.2374659938016675,0.5638733752108988,2022-01-01
t2m,30.0,persistence,5589,5589,6.140427555762722,-4.067158275352744,4.280195214230266,2022-01-01
t2m,36.0,FCN,5589,5589,0.9731875747389443,-0.03036143772291031,0.65231425644805,2022-01-01
t2m,36.0,persistence,5589,5589,3.6024662695309315,-2.0856652642909492,2.3487447283345038,2022-01-01
t2m,42.0,FCN,5589,5589,0.9299822940625168,-0.13791943952810726,0.6672931695773263,2022-01-01
t2m,42.0,persistence,5589,5589,1.8875585217800104,0.5508700011611811,1.3618748065621205,2022-01-01
t2m,48.0,FCN,5589,5589,0.9118719119282945,-0.3631442861593375,0.6925557826917143,2022-01-01
t2m,48.0,persistence,5589,5589,2.53898309058713,-1.2886113895903566,1.666642155656333,2022-01-01
t2m,54.0,FCN,5589,5589,1.2222043032546541,-0.4405492225097176,0.9044032425717827,2022-01-01
t2m,54.0,persistence,5589,5589,7.866081835195887,-5.420711773025026,5.456530612472703,2022-01-01
t2m,60.0,FCN,5589,5589,1.2380361936715598,0.20006296483944883,0.8684436369374249,2022-01-01
t2m,60.0,persistence,5589,5589,4.2020833708152585,-2.6714291616169605,2.7981047535037766,2022-01-01
t2m,66.0,FCN,5589,5589,1.240966075154318,0.08697583693876122,0.865720118796609,2022-01-01
t2m,66.0,persistence,5589,5589,1.799382482027803,-0.11690380905394204,1.322227849007452,2022-01-01
t2m,72.0,FCN,5589,5589,1.347037032580932,-0.008742454854642059,0.9722291294308036,2022-01-01
t2m,72.0,persistence,5589,5589,2.5921521120822733,-1.7316161325308623,1.8022642951694443,2022-01-01
t2m,78.0,FCN,5589,5589,1.459208780303543,-0.0884227651362954,1.084520109781744,2022-01-01
t2m,78.0,persistence,5589,5589,8.083452480702103,-5.837288926811982,5.847171878818187,2022-01-01
t2m,84.0,FCN,5589,5589,1.443978347854242,0.3714497574298629,0.997970526188723,2022-01-01
t2m,84.0,persistence,5589,5589,4.748028564743814,-3.3944576625664054,3.474347706779617,2022-01-01
t2m,90.0,FCN,5589,5589,1.5208502222904314,0.1360155706862225,1.1193394410241442,2022-01-01
t2m,90.0,persistence,5589,5589,2.2253861786610734,-0.9992919926070222,1.8134908827729088,2022-01-01
t2m,96.0,FCN,5589,5589,1.6662646223526634,0.15442387458774093,1.2737663108026256,2022-01-01
t2m,96.0,persistence,5589,5589,3.4336407293033755,-2.3538956384673986,2.6532371468964073,2022-01-01
t2m,102.0,FCN,5589,5589,1.571671922028918,0.04113067038268816,1.1668602165684967,2022-01-01
t2m,102.0,persistence,5589,5589,8.133108646688308,-6.18285380040774,6.183212650559679,2022-01-01
t2m,108.0,FCN,5589,5589,1.9242150374839369,0.5667828316528564,1.3173373398390298,2022-01-01
t2m,108.0,persistence,5589,5589,4.748567255454243,-3.539644874638098,3.6062286368475056,2022-01-01
t2m,114.0,FCN,5589,5589,1.789382830060933,0.3118735420697392,1.298012292243953,2022-01-01
t2m,114.0,persistence,5589,5589,2.557522938948214,-0.921104608269526,2.09094171956402,2022-01-01
t2m,120.0,FCN,5589,5589,1.8834626407079846,0.0470065728247039,1.4156249534239078,2022-01-01
t2m,120.0,persistence,5589,5589,3.3734110586878088,-2.3109573458224584,2.6946176455356063,2022-01-01
t2m,126.0,FCN,5589,5589,2.0902715548581594,-0.2761303692994315,1.5607749837918095,2022-01-01
t2m,126.0,persistence,5589,5589,8.152483611335196,-6.131183634297339,6.131185951828539,2022-01-01
t2m,132.0,FCN,5589,5589,2.5000942072412444,0.2528522863906343,1.7874433530426914,2022-01-01
t2m,132.0,persistence,5589,5589,4.624472252214797,-3.248621066092928,3.372522853671864,2022-01-01
t2m,138.0,FCN,5589,5589,1.9934480773051433,0.1429917832895961,1.463487600971417,2022-01-01
t2m,138.0,persistence,5589,5589,2.4621460682330065,-0.41591946550785236,1.9193072315901536,2022-01-01
t2m,144.0,FCN,5589,5589,1.956254875045564,0.27615858028549434,1.452674440270611,2022-01-01
t2m,144.0,persistence,5589,5589,2.6617214504145243,-1.5263708110577001,2.0631284028166754,2022-01-01
t2m,150.0,FCN,5589,5589,1.9039084669892161,-0.0240844973371578,1.4007375301369007,2022-01-01
t2m,150.0,persistence,5589,5589,7.223022678057476,-5.397684513939093,5.397752821811518,2022-01-01
t2m,156.0,FCN,5589,5589,2.0982604297127296,0.24352503422434266,1.4887336529474744,2022-01-01
t2m,156.0,persistence,5589,5589,4.072645200853484,-2.8430183737610766,2.985613460798135,2022-01-01
t2m,162.0,FCN,5589,5589,2.001663380405053,0.11857078207818908,1.4050008574685746,2022-01-01
t2m,162.0,persistence,5589,5589,2.629505680332639,-0.040017576567433114,1.9396685174413433,2022-01-01
t2m,168.0,FCN,5589,5589,1.7670378906087696,0.37567295576895254,1.2745928301034155,2022-01-01
t2m,168.0,persistence,5589,5589,2.7309575227331075,-1.2110826593052941,1.9485736443959245,2022-01-01
t2m,174.0,FCN,5589,5589,1.7774669333624162,0.2948825910632391,1.3178786556106392,2022-01-01
t2m,174.0,persistence,5589,5589,7.28882124571593,-5.129256322786245,5.14274208128261,2022-01-01
t2m,180.0,FCN,5589,5589,2.381129782028009,1.0215473280092155,1.7470452471064313,2022-01-01
t2m,180.0,persistence,5589,5589,3.7902017599171685,-2.0235283714251335,2.366335093877063,2022-01-01
t2m,186.0,FCN,5589,5589,2.6527407697366137,0.8904808521911423,2.027568524549112,2022-01-01
t2m,186.0,persistence,5589,5589,2.7088475923010047,0.9334424593559197,1.7988436750815515,2022-01-01
t2m,192.0,FCN,5589,5589,3.18435059294014,1.898587048008388,2.413826427673744,2022-01-01
t2m,192.0,persistence,5589,5589,2.508094662749795,0.29158671212595366,1.6697005134353908,2022-01-01
t2m,198.0,FCN,5589,5589,3.9882507698263696,2.6020726514984767,2.7181527786156807,2022-01-01
t2m,198.0,persistence,5589,5589,4.88893824929945,-3.0778847981365396,3.3384559786995855,2022-01-01
t2m,204.0,FCN,5589,5589,3.9000231603401625,2.3902141864354745,2.5979417984786854,2022-01-01
t2m,204.0,persistence,5589,5589,2.2877693467286377,-0.9255664537263198,1.5157231915983953,2022-01-01
t2m,210.0,FCN,5589,5589,3.6803069329533855,2.047907877668789,2.4086000299694037,2022-01-01
t2m,210.0,persistence,5589,5589,3.514411815654375,1.9144864823312326,2.307695998771895,2022-01-01
t2m,216.0,FCN,5589,5589,4.593531623537738,2.221382789478055,2.966361528397215,2022-01-01
t2m,216.0,persistence,5589,5589,2.7468087246757147,0.6796454685791496,1.6497437507956483,2022-01-01
t2m,222.0,FCN,5589,5589,4.527564239863604,2.1482740403769855,2.7763288741818495,2022-01-01
t2m,222.0,persistence,5589,5589,5.03092553745805,-3.4901498063965555,3.553940721115485,2022-01-01
t2m,228.0,FCN,5589,5589,3.8915148473637,1.4687882394603455,2.471758136684287,2022-01-01
t2m,228.0,persistence,5589,5589,3.020085712239119,-1.9386824556415199,2.241196146761412,2022-01-01
t2m,234.0,FCN,5589,5589,3.6634780283416353,0.8903798652097252,2.3265648587007086,2022-01-01
t2m,234.0,persistence,5589,5589,2.640708838923896,0.579956113802296,1.9168366852353584,2022-01-01
t2m,240.0,FCN,5589,5589,4.257503643291362,0.2314900254504169,2.6947738523820424,2022-01-01
t2m,240.0,persistence,5589,5589,2.579487605508392,-1.2307852792410372,2.002529854796203,2022-01-01
t850,6.0,FCN,5589,5589,0.6246101693136273,-0.16922715596842589,0.4432657656934473,2022-01-01
t850,6.0,persistence,5589,5589,2.2519979769824867,-0.7214636364970377,1.7098394929062715,2022-01-01
t850,12.0,FCN,5589,5589,0.7773970073395043,0.013859650326222757,0.6121087112776816,2022-01-01
t850,12.0,persistence,5589,5589,2.605579374882193,-0.6366736023152776,2.0141938626204565,2022-01-01
t850,18.0,FCN,5589,5589,0.9379011323939713,-0.08792211436852602,0.7214588971455209,2022-01-01
t850,18.0,persistence,5589,5589,3.048198075592584,-0.5777531382613758,2.238226901668474,2022-01-01
t850,24.0,FCN,5589,5589,1.0132415257952327,-0.09780990215473467,0.7371242162474417,2022-01-01
t850,24.0,persistence,5589,5589,3.056161787045175,-0.7255265313578169,2.274519349904789,2022-01-01
t850,30.0,FCN,5589,5589,1.106075497919814,-0.26582967805188085,0.8067038694327201,2022-01-01
t850,30.0,persistence,5589,5589,3.7468892074894136,-2.339256850212015,3.1002535765902466,2022-01-01
t850,36.0,FCN,5589,5589,1.16473979291282,-0.19999698077100497,0.8610465267397569,2022-01-01
t850,36.0,persistence,5589,5589,4.235725871238593,-2.9734363714920207,3.55405737485301,2022-01-01
t850,42.0,FCN,5589,5589,1.2415863878914735,-0.2910471383419575,0.9244720234921825,2022-01-01
t850,42.0,persistence,5589,5589,4.222550397563452,-2.857199561489219,3.404303958294325,2022-01-01
t850,48.0,FCN,5589,5589,1.4467447557678341,-0.497167678263436,1.1201187575424318,2022-01-01
t850,48.0,persistence,5589,5589,4.416565831723011,-3.0830603809587407,3.518256282066104,2022-01-01
t850,54.0,FCN,5589,5589,1.1715161809845156,-0.3419123685115319,0.9115866506738439,2022-01-01
t850,54.0,persistence,5589,5589,5.418930202920819,-4.28994065920023,4.6958045429339235,2022-01-01
t850,60.0,FCN,5589,5589,1.4024344169701777,-0.1996651617491955,1.0884609093204671,2022-01-01
t850,60.0,persistence,5589,5589,5.565111971352976,-4.623638190895357,4.849518830674237,2022-01-01
t850,66.0,FCN,5589,5589,1.2103401016589084,-0.09885504706722298,0.9586562177158283,2022-01-01
t850,66.0,persistence,5589,5589,5.17681313071195,-4.2986308108187075,4.467119811791954,2022-01-01
t850,72.0,FCN,5589,5589,1.324038279836164,0.08423922299626325,1.0410626578574511,2022-01-01
t850,72.0,persistence,5589,5589,5.068320892621467,-4.164687505227279,4.332649347211571,2022-01-01
t850,78.0,FCN,5589,5589,1.5296795931957847,0.28785365914185684,1.1898118429205087,2022-01-01
t850,78.0,persistence,5589,5589,6.054801238443177,-5.290281658117169,5.417533362511126,2022-01-01
t850,84.0,FCN,5589,5589,1.663170561256213,0.4517789907567022,1.3360075272521692,2022-01-01
t850,84.0,persistence,5589,5589,6.260431412243007,-5.565676383294752,5.65823823146351,2022-01-01
t850,90.0,FCN,5589,5589,1.6621466608350832,0.29090108161997585,1.3396967161679576,2022-01-01
t850,90.0,persistence,5589,5589,6.128594172211508,-5.3749264045582645,5.454917047107959,2022-01-01
t850,96.0,FCN,5589,5589,1.4255172796800804,0.020973695439054554,1.1666863394730191,2022-01-01
t850,96.0,persistence,5589,5589,6.5423891564017715,-5.596583129727438,5.741056771816064,2022-01-01
t850,102.0,FCN,5589,5589,1.6424993821611833,0.1774275443115115,1.3526348737004321,2022-01-01
t850,102.0,persistence,5589,5589,7.4913723036984825,-6.564487919103383,6.81472958710724,2022-01-01
t850,108.0,FCN,5589,5589,2.019794107139072,0.33953669203568976,1.673684782546554,2022-01-01
t850,108.0,persistence,5589,5589,7.562027671110062,-6.655199738775708,6.850162750021074,2022-01-01
t850,114.0,FCN,5589,5589,2.2276090103342856,0.2551290953211797,1.8033383664010005,2022-01-01
t850,114.0,persistence,5589,5589,7.053570216496631,-6.041661268880828,6.209417253370832,2022-01-01
t850,120.0,FCN,5589,5589,2.4455544041150965,0.30593621116037617,1.9105386037070375,2022-01-01
t850,120.0,persistence,5589,5589,6.6892851290314725,-5.53888944778924,5.818471352280955,2022-01-01
t850,126.0,FCN,5589,5589,2.6825498607461196,0.4346813222885539,2.2290289041473113,2022-01-01
t850,126.0,persistence,5589,5589,7.051189941962677,-6.140548012858652,6.384310687272498,2022-01-01
t850,132.0,FCN,5589,5589,2.873993233417068,0.7865373072813966,2.406792203916303,2022-01-01
t850,132.0,persistence,5589,5589,6.716613980297055,-5.76013281638942,5.984778307471528,2022-01-01
t850,138.0,FCN,5589,5589,2.6499014007792376,0.8759865857864899,2.1674552262321174,2022-01-01
t850,138.0,persistence,5589,5589,5.879963160020087,-4.514853523929947,5.024620956621423,2022-01-01
t850,144.0,FCN,5589,5589,2.898206767632168,1.192323763262306,2.360230622105812,2022-01-01
t850,144.0,persistence,5589,5589,5.2649482094293765,-3.519977871924537,4.4815446537661785,2022-01-01
t850,150.0,FCN,5589,5589,2.7280600998699303,0.9602276662740463,2.294908528992731,2022-01-01
t850,150.0,persistence,5589,5589,5.884354838743233,-4.628502662724896,5.082532582937499,2022-01-01
t850,156.0,FCN,5589,5589,2.6858413072663843,1.4523374578262844,2.2373961929848285,2022-01-01
t850,156.0,persistence,5589,5589,5.687054681149578,-4.275496922224902,4.771725146084821,2022-01-01
t850,162.0,FCN,5589,5589,2.6968810240917573,1.4489947250662039,2.092559615069738,2022-01-01
t850,162.0,persistence,5589,5589,5.1391315676964915,-3.3099121701839502,4.1840611962531415,2022-01-01
t850,168.0,FCN,5589,5589,2.700125070023212,1.3486205570429841,2.024447374712526,2022-01-01
t850,168.0,persistence,5589,5589,4.461069425201896,-2.682584805400769,3.481482823739835,2022-01-01
t850,174.0,FCN,5589,5589,3.082743491584813,1.383544770382351,2.3922080692390346,2022-01-01
t850,174.0,persistence,5589,5589,4.533199559478641,-3.3824237148913814,3.7503713255428104,2022-01-01
t850,180.0,FCN,5589,5589,3.8169361264992347,2.2952375599969232,3.0895791447868004,2022-01-01
t850,180.0,persistence,5589,5589,3.6530322646693776,-2.391197598146705,2.8764893619373293,2022-01-01
t850,186.0,FCN,5589,5589,4.50571811755938,3.0272814330257978,3.5718864488869215,2022-01-01
t850,186.0,persistence,5589,5589,2.7118073101448674,-0.5453564199539703,2.111327642635005,2022-01-01
t850,192.0,FCN,5589,5589,5.481717558200464,4.113835720960915,4.257040996525779,2022-01-01
t850,192.0,persistence,5589,5589,3.1973096077219996,1.369915977988232,2.5697764351299353,2022-01-01
t850,198.0,FCN,5589,5589,5.490706906032472,4.08846337093127,4.208454014470075,2022-01-01
t850,198.0,persistence,5589,5589,3.36101770823132,0.7680905535228915,2.7979409709581318,2022-01-01
t850,204.0,FCN,5589,5589,6.105471361022975,4.25954647477751,4.329335520813795,2022-01-01
t850,204.0,persistence,5589,5589,3.5292195251484495,0.9380746148235288,2.7933875379737656,2022-01-01
t850,210.0,FCN,5589,5589,6.274942093171411,4.307540987061937,4.48833373568407,2022-01-01
t850,210.0,persistence,5589,5589,3.877091677691869,1.8206866330561935,3.1045292475022355,2022-01-01
t850,216.0,FCN,5589,5589,5.74672585300324,3.627244296286398,3.9040875909551307,2022-01-01
t850,216.0,persistence,5589,5589,3.7409755501381086,1.5735934242852763,2.9442264168788177,2022-01-01
t850,222.0,FCN,5589,5589,5.68251284007301,2.9608817835596364,3.8065695295222812,2022-01-01
t850,222.0,persistence,5589,5589,3.478454865044273,-0.0033537516268120557,2.7585482180694707,2022-01-01
t850,228.0,FCN,5589,5589,5.515956010655056,2.3473259234012738,3.9126643563479497,2022-01-01
t850,228.0,persistence,5589,5589,3.3791605024511937,-0.9946149279329114,2.70781279265909,2022-01-01
t850,234.0,FCN,5589,5589,5.163232806181597,1.6262970811271429,3.977376690727905,2022-01-01
t850,234.0,persistence,5589,5589,3.199511211607648,-1.2160355540178336,2.6592653463678433,2022-01-01
t850,240.0,FCN,5589,5589,5.012040462859937,0.8662792027136934,4.107640514373676,2022-01-01
t850,240.0,persistence,5589,5589,2.9883580505170566,-1.7524553205325142,2.4625472169337006,2022-01-01
u10m,6.0,FCN,5589,5589,0.5352244282716513,-0.01754327128001618,0.4081172805925863,2022-01-01
u10m,6.0,persistence,5589,5589,2.1008760517213023,-0.21739764341386947,1.5401395183065711,2022-01-01
u10m,12.0,FCN,5589,5589,0.865246507310016,-0.30675728751199155,0.6402716498469517,2022-01-01
u10m,12.0,persistence,5589,5589,2.7546666561114215,0.05896801327933698,2.1786531392493096,2022-01-01
u10m,18.0,FCN,5589,5589,0.649198281774412,-0.006958077763472803,0.47344814674881197,2022-01-01
u10m,18.0,persistence,5589,5589,2.5811145984372605,1.0918801475869178,1.9613613929529814,2022-01-01
u10m,24.0,FCN,5589,5589,0.801611995761097,0.16005512243517883,0.6311367443236733,2022-01-01
u10m,24.0,persistence,5589,5589,3.0788546548906823,1.476495301376917,2.4112219217294824,2022-01-01
u10m,30.0,FCN,5589,5589,0.8089041695206838,0.14424278091270676,0.6254272335706464,2022-01-01
u10m,30.0,persistence,5589,5589,3.3004333127794045,-0.00358844520155808,2.5931589325178543,2022-01-01
u10m,36.0,FCN,5589,5589,0.9928893905041458,0.18138505558995296,0.7178772957762877,2022-01-01
u10m,36.0,persistence,5589,5589,3.761648399385333,0.28392576402683567,3.0320921903991707,2022-01-01
u10m,42.0,FCN,5589,5589,0.9845538098476002,0.04131084562328662,0.7166619216153222,2022-01-01
u10m,42.0,persistence,5589,5589,3.5612892143486743,1.0457464062545592,2.769564891626078,2022-01-01
u10m,48.0,FCN,5589,5589,1.0081783798201596,-0.19356400907604823,0.7198206629917188,2022-01-01
u10m,48.0,persistence,5589,5589,3.7255498549144246,1.465176403999549,2.7929725459388286,2022-01-01
u10m,54.0,FCN,5589,5589,1.0639250766364097,-0.1490984490682997,0.8171078113158389,2022-01-01
u10m,54.0,persistence,5589,5589,4.202991465668077,0.6699218186733208,3.285791734275365,2022-01-01
u10m,60.0,FCN,5589,5589,1.1750411034207178,-0.1817271199600876,0.8084613304014932,2022-01-01
u10m,60.0,persistence,5589,5589,4.552895520751443,1.30526834929694,3.5317944095831812,2022-01-01
u10m,66.0,FCN,5589,5589,1.1566439559498773,-0.13156304048375872,0.8362656115666934,2022-01-01
u10m,66.0,persistence,5589,5589,4.513559582107596,2.5168796262374147,3.2748420533616356,2022-01-01
u10m,72.0,FCN,5589,5589,1.244275112297492,-0.25920522197887313,0.8837948879461208,2022-01-01
u10m,72.0,persistence,5589,5589,5.334038282767459,3.4802874356832505,4.020584314685396,2022-01-01
u10m,78.0,FCN,5589,5589,1.3226241249308848,-0.42779002465651506,1.0313591756668996,2022-01-01
u10m,78.0,persistence,5589,5589,5.190404928896583,2.569096879814463,4.140898792996468,2022-01-01
u10m,84.0,FCN,5589,5589,1.3042091687328072,-0.35550993965128475,0.9570698211960144,2022-01-01
u10m,84.0,persistence,5589,5589,5.685051757151862,2.823844976855135,4.521187407170008,2022-01-01
u10m,90.0,FCN,5589,5589,1.6293555232853905,-0.2137326766185304,1.1145790162293487,2022-01-01
u10m,90.0,persistence,5589,5589,5.953875870448457,3.8065822789842083,4.62122511457259,2022-01-01
u10m,96.0,FCN,5589,5589,1.82005978336825,-0.4107884735030806,1.2617355481188839,2022-01-01
u10m,96.0,persistence,5589,5589,6.642557641961704,4.336158040977927,5.456441053530348,2022-01-01
u10m,102.0,FCN,5589,5589,1.6764697381747249,-0.7949671633522623,1.3241083456185017,2022-01-01
u10m,102.0,persistence,5589,5589,6.221621655818544,2.5127321917114522,5.0813612010670814,2022-01-01
u10m,108.0,FCN,5589,5589,2.1519065773361477,-1.095241756187706,1.5161776541865069,2022-01-01
u10m,108.0,persistence,5589,5589,6.000853178910271,2.185964610337708,4.697040673541196,2022-01-01
u10m,114.0,FCN,5589,5589,2.857634088478703,-1.1959535916548003,2.035473314138241,2022-01-01
u10m,114.0,persistence,5589,5589,5.394378308597776,2.7241173344984597,3.879414456921008,2022-01-01
u10m,120.0,FCN,5589,5589,2.7623515671092744,-1.3332434808790459,2.0852679344245484,2022-01-01
u10m,120.0,persistence,5589,5589,4.958352753548922,2.8480758670414588,3.843312444135973,2022-01-01
u10m,126.0,FCN,5589,5589,2.1975566453318627,-0.4875580086100042,1.7552537234177608,2022-01-01
u10m,126.0,persistence,5589,5589,4.720437225133094,2.215591137632734,3.7385847970711303,2022-01-01
u10m,132.0,FCN,5589,5589,2.2596401425548214,-0.4517654877867755,1.7195407237184557,2022-01-01
u10m,132.0,persistence,5589,5589,5.433664098181395,2.79937096489537,4.352634866152672,2022-01-01
u10m,138.0,FCN,5589,5589,3.134900743737373,-0.28085621362220037,2.177567179183803,2022-01-01
u10m,138.0,persistence,5589,5589,5.582563418809507,3.769886356748364,4.392793211710422,2022-01-01
u10m,144.0,FCN,5589,5589,3.223826550981919,-0.5524157093976999,2.2241706016683,2022-01-01
u10m,144.0,persistence,5589,5589,5.684415950881237,4.0729680114247016,4.451911672946175,2022-01-01
u10m,150.0,FCN,5589,5589,2.4654174642699465,-0.1607100275367519,1.9780002902374563,2022-01-01
u10m,150.0,persistence,5589,5589,5.478143877438386,2.909375085031457,4.253230565689389,2022-01-01
u10m,156.0,FCN,5589,5589,2.5289165106133087,0.052180234499227096,1.8159440946612622,2022-01-01
u10m,156.0,persistence,5589,5589,6.255910404317626,2.998472353221185,4.839641081493709,2022-01-01
u10m,162.0,FCN,5589,5589,3.222777688473049,-1.0017635611005995,2.1396804305514823,2022-01-01
u10m,162.0,persistence,5589,5589,5.562506123596279,2.15650070362089,4.345311657682879,2022-01-01
u10m,168.0,FCN,5589,5589,4.137196270554425,-2.355900145179778,2.963413787944477,2022-01-01
u10m,168.0,persistence,5589,5589,5.138625060394924,1.0785800062981543,4.04859375393889,2022-01-01
u10m,174.0,FCN,5589,5589,4.528914351778292,-2.8491848363291665,3.2883943124378994,2022-01-01
u10m,174.0,persistence,5589,5589,5.3934413955281455,-0.9032966014322722,4.150928193275026,2022-01-01
u10m,180.0,FCN,5589,5589,5.10659739352786,-2.866588788577629,3.5287293834588227,2022-01-01
u10m,180.0,persistence,5589,5589,4.8259183777382395,-0.6096203575022748,3.7150333468093866,2022-01-01
u10m,186.0,FCN,5589,5589,5.40687852056194,-3.2048369673035433,4.051463464332338,2022-01-01
u10m,186.0,persistence,5589,5589,3.3107864826431816,-0.3971052849729748,2.4428315083926333,2022-01-01
u10m,192.0,FCN,5589,5589,5.956649766953224,-3.240515391590799,4.669634227353417,2022-01-01
u10m,192.0,persistence,5589,5589,2.914366855138362,0.245871439845345,2.309464025786143,2022-01-01
u10m,198.0,FCN,5589,5589,5.579543816208762,-2.566072908546421,4.181081691866431,2022-01-01
u10m,198.0,persistence,5589,5589,2.8411858085775563,-0.19998723871383914,2.247823398859163,2022-01-01
u10m,204.0,FCN,5589,5589,4.923889707923351,-1.4300678788276182,3.7400819848245352,2022-01-01
u10m,204.0,persistence,5589,5589,2.865954038183681,1.050685095646244,2.2267620335768106,2022-01-01
u10m,210.0,FCN,5589,5589,4.74625615708767,-0.3258691356835448,3.7132789373928303,2022-01-01
u10m,210.0,persistence,5589,5589,4.139382070421285,2.7827660395803737,3.2208691796986586,2022-01-01
u10m,216.0,FCN,5589,5589,4.722038866118892,0.6338022161486766,3.693830136841539,2022-01-01
u10m,216.0,persistence,5589,5589,5.566055792045109,4.339658662515339,4.482497683601793,2022-01-01
u10m,222.0,FCN,5589,5589,4.177348500167652,0.7756207814877406,3.2539341855020587,2022-01-01
u10m,222.0,persistence,5589,5589,4.895366314578679,3.2551785566902183,3.666641183132004,2022-01-01
u10m,228.0,FCN,5589,5589,3.5933970885896724,1.0269084788320597,2.740367161071387,2022-01-01
u10m,228.0,persistence,5589,5589,5.692383842298876,3.44650383698568,4.0978315834855,2022-01-01
u10m,234.0,FCN,5589,5589,3.8108200857978156,0.7313693277210649,2.8320129887880783,2022-01-01
u10m,234.0,persistence,5589,5589,6.0286656196618615,4.0675457373653,4.468458340900083,2022-01-01
u10m,240.0,FCN,5589,5589,3.5491265858521737,-0.11564870712816501,2.7037264186644636,2022-01-01
u10m,240.0,persistence,5589,5589,6.021921311319099,4.071978819015006,4.721167364802251,2022-01-01
v10m,6.0,FCN,5589,5589,0.5572293880367011,0.13997774107957187,0.4051406763728174,2022-01-01
v10m,6.0,persistence,5589,5589,1.5452290397324908,0.4946968133599096,1.251612149193309,2022-01-01
v10m,12.0,FCN,5589,5589,1.076652249288757,-0.04842732789315395,0.6380321959357164,2022-01-01
v10m,12.0,persistence,5589,5589,2.1963247092814013,-0.0799906894911149,1.5584136034814842,2022-01-01
v10m,18.0,FCN,5589,5589,0.7632202830624427,-0.25604932761008964,0.5687719972746048,2022-01-01
v10m,18.0,persistence,5589,5589,2.606230531273214,0.7651147767469245,1.9407271791260332,2022-01-01
v10m,24.0,FCN,5589,5589,0.8866988238453501,0.02645148095504233,0.6547874846249597,2022-01-01
v10m,24.0,persistence,5589,5589,3.995004005715379,2.1853011147487744,3.376504455145963,2022-01-01
v10m,30.0,FCN,5589,5589,0.8209094649759757,0.05059246136754484,0.6252871361347621,2022-01-01
v10m,30.0,persistence,5589,5589,3.9275572868601687,2.543433117626056,3.2096360628228373,2022-01-01
v10m,36.0,FCN,5589,5589,0.9632673040004431,-0.005992123173491993,0.6754347735487106,2022-01-01
v10m,36.0,persistence,5589,5589,3.139648623760207,1.158731313738146,2.3960934256046253,2022-01-01
v10m,42.0,FCN,5589,5589,0.9753753595043947,0.22800664709698323,0.7167593475182437,2022-01-01
v10m,42.0,persistence,5589,5589,4.011131001151564,1.6917731739086899,3.192659753372004,2022-01-01
v10m,48.0,FCN,5589,5589,1.0754299760692574,0.12742395038906165,0.7564921422749578,2022-01-01
v10m,48.0,persistence,5589,5589,4.454664531177465,2.1774609544077097,3.706182697323699,2022-01-01
v10m,54.0,FCN,5589,5589,1.2687379691409146,-0.22741466359888665,0.9528013051999005,2022-01-01
v10m,54.0,persistence,5589,5589,3.873455586822868,1.7440347400104015,3.0927333464929685,2022-01-01
v10m,60.0,FCN,5589,5589,1.2413299412804284,-0.24764297356699944,0.8633232595570565,2022-01-01
v10m,60.0,persistence,5589,5589,3.457106141749139,0.35994047206101465,2.717635537955822,2022-01-01
v10m,66.0,FCN,5589,5589,1.5116928024154963,-0.21272752386753913,1.177844778536275,2022-01-01
v10m,66.0,persistence,5589,5589,3.8746774880893446,0.8193330357742427,3.1234658831799367,2022-01-01
v10m,72.0,FCN,5589,5589,1.7766486507652044,-0.36579680831781564,1.3076971429298951,2022-01-01
v10m,72.0,persistence,5589,5589,4.057071602799013,1.4218103961961026,3.1966294299889557,2022-01-01
v10m,78.0,FCN,5589,5589,1.6258027540412139,-0.30499155802638,1.269643029234152,2022-01-01
v10m,78.0,persistence,5589,5589,4.0549024992094544,1.7118591792843258,3.092284683203671,2022-01-01
v10m,84.0,FCN,5589,5589,1.6941320169004221,-0.33017148651670664,1.2174330611249786,2022-01-01
v10m,84.0,persistence,5589,5589,4.141234254789934,0.8948168850071748,3.141778815513291,2022-01-01
v10m,90.0,FCN,5589,5589,1.7045613460342586,-0.12377684373616166,1.2895804276084983,2022-01-01
v10m,90.0,persistence,5589,5589,5.181033820303159,1.9553323179436415,3.982946797385347,2022-01-01
v10m,96.0,FCN,5589,5589,1.7723623123374435,0.12386433995273823,1.384508306819569,2022-01-01
v10m,96.0,persistence,5589,5589,5.717025360991688,3.261942770676683,4.628387051326623,2022-01-01
v10m,102.0,FCN,5589,5589,1.639066177391471,0.24319673398647368,1.2882236989276548,2022-01-01
v10m,102.0,persistence,5589,5589,5.446071220386779,2.9988041906216543,4.314081385534547,2022-01-01
v10m,108.0,FCN,5589,5589,1.9835614587676378,0.00046879978679007596,1.3790351564847716,2022-01-01
v10m,108.0,persistence,5589,5589,4.621967173213291,1.5118820049984953,3.440479797652616,2022-01-01
v10m,114.0,FCN,5589,5589,2.1465153835383215,-0.2866552667002764,1.452656542075663,2022-01-01
v10m,114.0,persistence,5589,5589,4.788367598691473,2.0649808777252336,3.59048633558346,2022-01-01
v10m,120.0,FCN,5589,5589,2.8977126988502384,-0.974786673550182,2.1160965006524655,2022-01-01
v10m,120.0,persistence,5589,5589,4.266821647596233,1.994821085989019,3.272508389045206,2022-01-01
v10m,126.0,FCN,5589,5589,3.0737372215713488,-0.44320416622239395,2.410313228610626,2022-01-01
v10m,126.0,persistence,5589,5589,3.2851080013416056,0.9591419734815831,2.528759801449787,2022-01-01
v10m,132.0,FCN,5589,5589,2.936039104111935,-0.5093025174710403,2.190276656950882,2022-01-01
v10m,132.0,persistence,5589,5589,3.210541084594321,-0.04945158185049114,2.4238687257439087,2022-01-01
v10m,138.0,FCN,5589,5589,2.4666711476864123,-0.25681029020230983,2.000664600970886,2022-01-01
v10m,138.0,persistence,5589,5589,3.3231973730034343,1.1752544363744568,2.6361754864827,2022-01-01
v10m,144.0,FCN,5589,5589,2.1018842503642445,-0.611414263748357,1.645392611083418,2022-01-01
v10m,144.0,persistence,5589,5589,4.043714653230986,1.7284166418140903,3.376311274655088,2022-01-01
v10m,150.0,FCN,5589,5589,2.47190025728984,0.13772235128059732,1.8915162842724198,2022-01-01
v10m,150.0,persistence,5589,5589,3.7061475707008644,1.642220707831642,2.975829892622843,2022-01-01
v10m,156.0,FCN,5589,5589,2.608659117462224,0.4331362289669038,1.864213515503278,2022-01-01
v10m,156.0,persistence,5589,5589,4.01735941672046,1.352316058802489,3.207389409011261,2022-01-01
v10m,162.0,FCN,5589,5589,2.4188446960183816,0.9382572138124423,1.792808816611262,2022-01-01
v10m,162.0,persistence,5589,5589,5.06899782270554,2.567214251817992,3.956612952657725,2022-01-01
v10m,168.0,FCN,5589,5589,2.2870881227620883,0.683502624450756,1.679976297542953,2022-01-01
v10m,168.0,persistence,5589,5589,5.5755410155953165,2.806101186291902,4.176997119696981,2022-01-01
v10m,174.0,FCN,5589,5589,2.833075373196166,0.3258420360622001,2.2780688960363755,2022-01-01
v10m,174.0,persistence,5589,5589,4.968563194155124,1.5844554526834866,3.5413033577643698,2022-01-01
v10m,180.0,FCN,5589,5589,2.956564549581733,-0.3319885107529225,2.315131671573479,2022-01-01
v10m,180.0,persistence,5589,5589,4.245325388471873,-0.22356886505496,3.2174736169084577,2022-01-01
v10m,186.0,FCN,5589,5589,3.7608334253276676,-1.117093357576338,2.83228511636929,2022-01-01
v10m,186.0,persistence,5589,5589,3.7894764998450583,-0.8653247535870959,2.8564432180221284,2022-01-01
v10m,192.0,FCN,5589,5589,4.526115928828358,-2.0503814215953557,3.055975012517435,2022-01-01
v10m,192.0,persistence,5589,5589,3.3034978800437536,-1.5335422619554515,2.6312237935473703,2022-01-01
v10m,198.0,FCN,5589,5589,4.512712839963544,-1.9319926188971628,3.1371153664972304,2022-01-01
v10m,198.0,persistence,5589,5589,2.665798594279883,-1.1096578260028849,2.1884903261621154,2022-01-01
v10m,204.0,FCN,5589,5589,3.8935454892528214,-1.4445760383844894,2.8309389542060175,2022-01-01
v10m,204.0,persistence,5589,5589,3.486890991342852,-1.690677648052058,2.6936535381132707,2022-01-01
v10m,210.0,FCN,5589,5589,3.959729272913271,-0.7800712831206135,2.815064109838826,2022-01-01
v10m,210.0,persistence,5589,5589,3.833976063178838,-0.8749417535066218,2.9148516224969914,2022-01-01
v10m,216.0,FCN,5589,5589,4.852152051163466,0.13401370688319006,3.94279163864459,2022-01-01
v10m,216.0,persistence,5589,5589,4.359470793114588,0.36822097795445335,3.632681238825605,2022-01-01
v10m,222.0,FCN,5589,5589,4.5441540613890234,0.774639216419187,3.762019337153538,2022-01-01
v10m,222.0,persistence,5589,5589,4.036418508383065,1.5390122011652418,3.3208685625445944,2022-01-01
v10m,228.0,FCN,5589,5589,4.1638651195545435,1.740714709066621,3.332681319130478,2022-01-01
v10m,228.0,persistence,5589,5589,3.9718261896108746,0.9877045791738178,2.9874886781383507,2022-01-01
v10m,234.0,FCN,5589,5589,5.354911266752403,3.0380946358113206,4.5110375943024685,2022-01-01
v10m,234.0,persistence,5589,5589,4.89895229017897,2.1174803448968498,3.822158655265145,2022-01-01
v10m,240.0,FCN,5589,5589,6.324751222943331,3.655307689917061,5.561675409681093,2022-01-01
v10m,240.0,persistence,5589,5589,5.851751937054924,3.163169235828112,4.9853598773380625,2022-01-01
z500,6.0,FCN,5589,5589,38.123777976126384,-26.914437685416473,31.853812555578443,2022-01-01
z500,6.0,persistence,5589,5589,108.16515428644898,-96.71878536519613,97.29253107725039,2022-01-01
z500,12.0,FCN,5589,5589,44.30276017768456,-26.052618874332374,34.682886376775926,2022-01-01
z500,12.0,persistence,5589,5589,243.7477905706359,-231.5043786338019,231.6274922161566,2022-01-01
z500,18.0,FCN,5589,5589,45.40671086058916,-31.211204696398603,36.93567487800684,2022-01-01
z500,18.0,persistence,5589,5589,223.44807569115073,-190.9900017246656,192.033515621294,2022-01-01
z500,24.0,FCN,5589,5589,66.8616055426869,-59.829354995154986,60.22489917019152,2022-01-01
z500,24.0,persistence,5589,5589,381.38171022262674,-352.6213035018945,353.6165032098035,2022-01-01
z500,30.0,FCN,5589,5589,91.48270042484285,-83.65059563731346,83.87160438705622,2022-01-01
z500,30.0,persistence,5589,5589,458.66711694594653,-427.509724806148,432.1656683486585,2022-01-01
z500,36.0,FCN,5589,5589,89.98639912755654,-77.78317590359273,79.6895470894718,2022-01-01
z500,36.0,persistence,5589,5589,563.9365359757118,-523.3809806211939,530.0561054206433,2022-01-01
z500,42.0,FCN,5589,5589,86.1242635299311,-61.736372560646586,74.94697644389011,2022-01-01
z500,42.0,persistence,5589,5589,495.42280041733534,-441.4631838090498,460.4016219293603,2022-01-01
z500,48.0,FCN,5589,5589,105.8715155396254,-70.20593740747296,91.80259524509393,2022-01-01
z500,48.0,persistence,5589,5589,626.6514951135098,-575.807908646589,589.776224898613,2022-01-01
z500,54.0,FCN,5589,5589,116.57627214860923,-81.2598880153723,104.57955614538533,2022-01-01
z500,54.0,persistence,5589,5589,682.3750826361965,-656.1007787653072,656.1007787653072,2022-01-01
z500,60.0,FCN,5589,5589,97.09778002707075,-50.29607545227854,83.25749015370191,2022-01-01
z500,60.0,persistence,5589,5589,798.3520495941,-784.0512608333764,784.0512608333764,2022-01-01
z500,66.0,FCN,5589,5589,103.64973999341444,-43.77527569866382,89.43186285531755,2022-01-01
z500,66.0,persistence,5589,5589,798.5491925445043,-781.7119132563647,781.7119132563647,2022-01-01
z500,72.0,FCN,5589,5589,84.39120614399994,-50.26721872413475,75.2978934784859,2022-01-01
z500,72.0,persistence,5589,5589,984.5131601266401,-959.7167706144901,959.7167706144901,2022-01-01
z500,78.0,FCN,5589,5589,96.47146311223412,-72.16299527326917,87.07839198928191,2022-01-01
z500,78.0,persistence,5589,5589,1068.0406648609467,-1040.7777105651253,1040.7777105651253,2022-01-01
z500,84.0,FCN,5589,5589,65.59946345360716,-38.792794105877974,54.24080770262486,2022-01-01
z500,84.0,persistence,5589,5589,1160.727888894398,-1128.154681558239,1128.154681558239,2022-01-01
z500,90.0,FCN,5589,5589,59.0471146188247,-31.280145423684765,47.96043612407739,2022-01-01
z500,90.0,persistence,5589,5589,1085.0093263708472,-1042.8633396552525,1042.8633396552525,2022-01-01
z500,96.0,FCN,5589,5589,53.263359328019035,0.13297091924583904,42.89710352564105,2022-01-01
z500,96.0,persistence,5589,5589,1164.9603341385791,-1124.1713809752173,1124.1713809752173,2022-01-01
z500,102.0,FCN,5589,5589,72.48312298321491,27.947833062966634,55.63960406326712,2022-01-01
z500,102.0,persistence,5589,5589,1138.0145838385404,-1095.2649229640822,1095.2649229640822,2022-01-01
z500,108.0,FCN,5589,5589,138.3384879409494,97.01267524970677,107.67312394678885,2022-01-01
z500,108.0,persistence,5589,5589,1132.637965885122,-1091.7483672226488,1091.7483672226488,2022-01-01
z500,114.0,FCN,5589,5589,160.5319142956515,101.58811984288185,115.67892760304862,2022-01-01
z500,114.0,persistence,5589,5589,998.2109783647845,-954.5387008125523,954.5387008125523,2022-01-01
z500,120.0,FCN,5589,5589,164.8271839351158,94.49507642522545,112.01272088523257,2022-01-01
z500,120.0,persistence,5589,5589,1034.766185057323,-1000.6061877251581,1000.6061877251581,2022-01-01
z500,126.0,FCN,5589,5589,167.35737039881644,56.13466944130915,124.37884718723623,2022-01-01
z500,126.0,persistence,5589,5589,1016.540756890379,-990.5073586259224,990.5073586259224,2022-01-01
z500,132.0,FCN,5589,5589,152.6662449424202,47.40249751282117,114.70761710133947,2022-01-01
z500,132.0,persistence,5589,5589,1021.9697648342316,-1001.2702213940073,1001.2702213940073,2022-01-01
z500,138.0,FCN,5589,5589,139.5322467187855,12.99027880465274,112.99227210601286,2022-01-01
z500,138.0,persistence,5589,5589,884.1004542119223,-863.1182252803417,863.1182252803417,2022-01-01
z500,144.0,FCN,5589,5589,107.5170235425576,-46.99589557754733,92.0172905747537,2022-01-01
z500,144.0,persistence,5589,5589,929.0701146449036,-910.0030755498268,910.0030755498268,2022-01-01
z500,150.0,FCN,5589,5589,151.6700164582162,-122.6357514892005,130.738551129697,2022-01-01
z500,150.0,persistence,5589,5589,915.300592280222,-893.3121786635464,893.3121786635464,2022-01-01
z500,156.0,FCN,5589,5589,158.38660492620835,-105.87288139593853,141.91066076352212,2022-01-01
z500,156.0,persistence,5589,5589,872.5403841171311,-839.074551691168,841.580721115169,2022-01-01
z500,162.0,FCN,5589,5589,200.80568766318385,-19.38623710246546,151.4901661615686,2022-01-01
z500,162.0,persistence,5589,5589,626.5455051652306,-557.1786003405987,592.6083738945019,2022-01-01
z500,168.0,FCN,5589,5589,318.49114293283657,50.710390487373374,212.8298958444096,2022-01-01
z500,168.0,persistence,5589,5589,629.0976748126409,-479.9577470387041,589.1416449221205,2022-01-01
z500,174.0,FCN,5589,5589,441.55447441934683,176.4479073015496,272.7680189512471,2022-01-01
z500,174.0,persistence,5589,5589,567.6774389969569,-320.5023949445211,516.4620113020256,2022-01-01
z500,180.0,FCN,5589,5589,500.4339790830265,247.75125980520545,298.3273321606261,2022-01-01
z500,180.0,persistence,5589,5589,548.3270771117413,-289.58685910764177,495.67317511513926,2022-01-01
z500,186.0,FCN,5589,5589,474.802925978476,276.83532379209186,302.98080408119074,2022-01-01
z500,186.0,persistence,5589,5589,402.83513388670883,-134.4772081955212,351.7703262139321,2022-01-01
z500,192.0,FCN,5589,5589,406.9006232146699,257.33734876971243,271.75478076095357,2022-01-01
z500,192.0,persistence,5589,5589,372.756883471497,-202.2180526888213,329.17941967519334,2022-01-01
z500,198.0,FCN,5589,5589,337.10541549608655,230.64735283484,235.45963352737027,2022-01-01
z500,198.0,persistence,5589,5589,327.3671849915492,-225.31048378791272,267.95296297157955,2022-01-01
z500,204.0,FCN,5589,5589,233.51743643470834,122.9626235616555,157.37722839863622,2022-01-01
z500,204.0,persistence,5589,5589,434.2455740115268,-376.9435031116828,389.69031114167393,2022-01-01
z500,210.0,FCN,5589,5589,176.39443963088303,20.44591878297764,131.7460943655346,2022-01-01
z500,210.0,persistence,5589,5589,414.4609562950519,-356.45532550128274,379.991544276204,2022-01-01
z500,216.0,FCN,5589,5589,203.2301901281419,-143.5822957859929,178.33281517617723,2022-01-01
z500,216.0,persistence,5589,5589,622.9951590503703,-554.7867683279069,584.4218685237641,2022-01-01
z500,222.0,FCN,5589,5589,256.77696443029475,-193.7235652927352,217.9506908800287,2022-01-01
z500,222.0,persistence,5589,5589,693.9725571364454,-611.6828133474227,644.2733642471899,2022-01-01
z500,228.0,FCN,5589,5589,328.00790419056773,-244.2716089912021,280.4452850120601,2022-01-01
z500,228.0,persistence,5589,5589,810.4817003560028,-725.2591982689742,750.0786115278829,2022-01-01
z500,234.0,FCN,5589,5589,401.50360990410894,-290.30396562282635,354.4103753717755,2022-01-01
z500,234.0,persistence,5589,5589,749.4957449400453,-668.001501478108,688.96411130771,2022-01-01
z500,240.0,FCN,5589,5589,532.6562693260747,-425.07931698438466,482.63700716546174,2022-01-01
z500,240.0,persistence,5589,5589,921.9600642733403,-858.3191876183266,858.3191876183266,2022-01-01
msl,6.0,FCN,5589,5589,29.51189776452357,-20.99113778893673,24.586458470845017,2022-07-01
msl,6.0,persistence,5589,5589,268.47998429846973,229.2268714653902,229.2268714653902,2022-07-01
msl,12.0,FCN,5589,5589,72.61926912429453,-65.56086101580823,66.14312877941178,2022-07-01
msl,12.0,persistence,5589,5589,147.5864007556892,85.92131005173297,115.64337048901095,2022-07-01
msl,18.0,FCN,5589,5589,83.0252102322012,-69.35474978519136,74.2610921060184,2022-07-01
msl,18.0,persistence,5589,5589,154.0803008500885,130.8792320195966,132.10151855526084,2022-07-01
msl,24.0,FCN,5589,5589,77.14536715006479,-66.7909017070056,69.75935339784509,2022-07-01
msl,24.0,persistence,5589,5589,93.38915087724094,75.31870228418538,82.91284400193214,2022-07-01
msl,30.0,FCN,5589,5589,89.56318466294279,-74.4376426674863,75.48866744029354,2022-07-01
msl,30.0,persistence,5589,5589,410.78745291397865,369.92928373899747,369.92928373899747,2022-07-01
msl,36.0,FCN,5589,5589,96.24786123393912,-75.86168053631656,79.50162262917756,2022-07-01
msl,36.0,persistence,5589,5589,319.6206061189824,290.30629509183075,290.5802764262348,2022-07-01
msl,42.0,FCN,5589,5589,106.4634637004111,-83.56968550870327,90.79091052520982,2022-07-01
msl,42.0,persistence,5589,5589,339.93120479476283,328.3443489466313,328.3443489466313,2022-07-01
msl,48.0,FCN,5589,5589,140.82825753817383,-117.5953749205994,121.70757583840185,2022-07-01
msl,48.0,persistence,5589,5589,287.80987175114984,276.2014576249389,276.2014576249389,2022-07-01
msl,54.0,FCN,5589,5589,102.85107721065428,-80.04758513397225,81.28083654994947,2022-07-01
msl,54.0,persistence,5589,5589,660.3129979053433,648.0109635779004,648.0109635779004,2022-07-01
msl,60.0,FCN,5589,5589,78.80748069574058,-30.648596229768582,65.83491441060694,2022-07-01
msl,60.0,persistence,5589,5589,690.2757426306075,663.6196650573247,663.6196650573247,2022-07-01
msl,66.0,FCN,5589,5589,105.4406379596141,-79.52528684932317,90.16272090026398,2022-07-01
msl,66.0,persistence,5589,5589,780.8765236818524,722.0301438585025,722.0301438585025,2022-07-01
msl,72.0,FCN,5589,5589,111.46588299683613,-98.4717881624121,100.30654299940122,2022-07-01
msl,72.0,persistence,5589,5589,890.7747444617211,756.8712495085995,756.8712495085995,2022-07-01
msl,78.0,FCN,5589,5589,89.05321908489711,-46.259480829401944,68.93999379917521,2022-07-01
msl,78.0,persistence,5589,5589,1311.1899680668937,1199.118536221395,1199.118536221395,2022-07-01
msl,84.0,FCN,5589,5589,146.44275991099602,-73.46187135375975,93.8295707653553,2022-07-01
msl,84.0,persistence,5589,5589,1317.028456085317,1185.7112077514357,1185.7112077514357,2022-07-01
msl,90.0,FCN,5589,5589,251.8090334318262,-144.26081685240825,158.1670857050983,2022-07-01
msl,90.0,persistence,5589,5589,1325.8239355357496,1192.5814571159124,1192.5814571159124,2022-07-01
msl,96.0,FCN,5589,5589,339.7446757656524,-199.02971911423654,220.02240021179148,2022-07-01
msl,96.0,persistence,5589,5589,1168.5418427138252,1035.349945284855,1035.349945284855,2022-07-01
msl,102.0,FCN,5589,5589,292.31367781941753,-154.9554278133521,194.17355011863987,2022-07-01
msl,102.0,persistence,5589,5589,1216.1004584032046,1131.28554648801,1131.28554648801,2022-07-01
msl,108.0,FCN,5589,5589,220.30165384413792,-104.73717192924346,137.44121406802142,2022-07-01
msl,108.0,persistence,5589,5589,924.5371564362682,853.0031498052327,853.0031498052327,2022-07-01
msl,114.0,FCN,5589,5589,177.6550430696474,-64.1333085231508,113.61709102046325,2022-07-01
msl,114.0,persistence,5589,5589,820.3881928638965,761.2527854672134,761.2527854672134,2022-07-01
msl,120.0,FCN,5589,5589,210.614108684043,-56.007620988413926,137.6421019573771,2022-07-01
msl,120.0,persistence,5589,5589,642.4010704733555,591.4568245221859,591.4568245221859,2022-07-01
msl,126.0,FCN,5589,5589,239.95256061274074,-63.2264947393095,145.39489621740395,2022-07-01
msl,126.0,persistence,5589,5589,787.2343435250634,741.7997419773493,741.7997419773493,2022-07-01
msl,132.0,FCN,5589,5589,270.5271397994109,-111.62743284918535,155.32693342939578,2022-07-01
msl,132.0,persistence,5589,5589,603.0298384195062,552.5247273471263,552.5247273471263,2022-07-01
msl,138.0,FCN,5589,5589,290.70149400101826,-142.3400513388947,174.11161093054017,2022-07-01
msl,138.0,persistence,5589,5589,595.4491332768418,557.1831534228866,557.1831534228866,2022-07-01
msl,144.0,FCN,5589,5589,286.75854990778504,-169.483700735563,181.4676230038373,2022-07-01
msl,144.0,persistence,5589,5589,528.7319173932716,481.1492405638507,482.3963747381711,2022-07-01
msl,150.0,FCN,5589,5589,249.66097216837807,-129.69953081962709,162.11341502296338,2022-07-01
msl,150.0,persistence,5589,5589,829.5455521970276,790.2011568278602,790.2011568278602,2022-07-01
msl,156.0,FCN,5589,5589,239.528375908919,-170.716772290872,178.7003666577262,2022-07-01
msl,156.0,persistence,5589,5589,754.9150068799944,707.2856304923824,707.2856304923824,2022-07-01
msl,162.0,FCN,5589,5589,253.88495354263105,-203.91792124323047,208.69974534549266,2022-07-01
msl,162.0,persistence,5589,5589,879.422857176466,824.0878337527885,824.0878337527885,2022-07-01
msl,168.0,FCN,5589,5589,396.708719193439,-357.8701253171674,357.8701253171674,2022-07-01
msl,168.0,persistence,5589,5589,908.0601990806389,804.129829285898,804.129829285898,2022-07-01
msl,174.0,FCN,5589,5589,412.61205370631757,-366.69527309252567,366.69527309252567,2022-07-01
msl,174.0,persistence,5589,5589,1294.1263269316837,1203.2942620657873,1203.2942620657873,2022-07-01
msl,180.0,FCN,5589,5589,444.8781227023952,-348.0309535238019,378.42970709655873,2022-07-01
msl,180.0,persistence,5589,5589,1395.6767281446005,1241.280786228258,1241.280786228258,2022-07-01
msl,186.0,FCN,5589,5589,518.0376770120298,-260.8389275849145,412.81364402637496,2022-07-01
msl,186.0,persistence,5589,5589,1593.049440252758,1402.055206646369,1402.055206646369,2022-07-01
msl,192.0,FCN,5589,5589,562.1835089512704,-90.37692517035215,442.39217116017585,2022-07-01
msl,192.0,persistence,5589,5589,1701.139655200648,1453.214595737426,1453.214595737426,2022-07-01
msl,198.0,FCN,5589,5589,671.5113400569509,238.44221547390742,496.62506016724444,2022-07-01
msl,198.0,persistence,5589,5589,1965.5942488445419,1762.6337694658478,1762.6337694658478,2022-07-01
msl,204.0,FCN,5589,5589,792.1241709330401,490.58081614917654,588.8678782268913,2022-07-01
msl,204.0,persistence,5589,5589,1862.9702017681605,1620.5497086359735,1620.5497086359735,2022-07-01
msl,210.0,FCN,5589,5589,832.9350394311148,609.059235005398,662.1325779211612,2022-07-01
msl,210.0,persistence,5589,5589,1760.21807925103,1517.3067635518362,1517.3067635518362,2022-07-01
msl,216.0,FCN,5589,5589,715.9088892204566,537.5399331834478,577.0231827469091,2022-07-01
msl,216.0,persistence,5589,5589,1416.5998579707314,1185.9517632710874,1185.9517632710874,2022-07-01
msl,222.0,FCN,5589,5589,618.7647338499298,477.13940400165853,487.0181339904201,2022-07-01
msl,222.0,persistence,5589,5589,1315.362068778561,1158.5856563541201,1158.5856563541201,2022-07-01
msl,228.0,FCN,5589,5589,461.3900225565798,336.410882137282,353.22968354422767,2022-07-01
msl,228.0,persistence,5589,5589,948.9744189329912,824.1007580423959,824.1078186430825,2022-07-01
msl,234.0,FCN,5589,5589,346.2654741542648,213.58613362579197,264.06293045081566,2022-07-01
msl,234.0,persistence,5589,5589,786.9065755498845,685.5029010640656,685.5067641997671,2022-07-01
msl,240.0,FCN,5589,5589,243.79575861048193,-3.9691589252848933,190.26833672297548,2022-07-01
msl,240.0,persistence,5589,5589,537.7629967652642,451.59331948051636,451.9676815416709,2022-07-01
t2m,6.0,FCN,5589,5589,0.5796140396544573,-0.08228876087387188,0.42857889843591435,2022-07-01
t2m,6.0,persistence,5589,5589,5.722090286100485,-3.8680609509313064,4.026757540527012,2022-07-01
t2m,12.0,FCN,5589,5589,1.0046597115631382,-0.10476710375631675,0.7252663997010813,2022-07-01
t2m,12.0,persistence,5589,5589,1.9025205448311417,-1.2272926767593937,1.4031712723464562,2022-07-01
t2m,18.0,FCN,5589,5589,0.9953021077459814,-0.26772662618394877,0.7240564346106434,2022-07-01
t2m,18.0,persistence,5589,5589,1.3730196926769078,0.5118330155713613,1.0249166557653673,2022-07-01
t2m,24.0,FCN,5589,5589,0.8597513190470428,-0.2525182488408072,0.6486530632609445,2022-07-01
t2m,24.0,persistence,5589,5589,0.7288929648396587,0.26026059679451974,0.48588200114619967,2022-07-01
t2m,30.0,FCN,5589,5589,0.6619774055766235,-0.24493010259517167,0.5255658706402274,2022-07-01
t2m,30.0,persistence,5589,5589,5.7245161729601115,-3.779308056539163,4.048900063779794,2022-07-01
t2m,36.0,FCN,5589,5589,1.100967962717161,0.0633540308775307,0.8100370296211277,2022-07-01
t2m,36.0,persistence,5589,5589,1.6894948196459265,-0.8919598094923302,1.2243244450898814,2022-07-01
t2m,42.0,FCN,5589,5589,1.0593060774672083,-0.022176843447790282,0.7577296141946683,2022-07-01
t2m,42.0,persistence,5589,5589,1.7265399958180225,0.9239998761564079,1.3503336141801037,2022-07-01
t2m,48.0,FCN,5589,5589,0.9099467540321604,-0.05366534973368169,0.654164404155355,2022-07-01
t2m,48.0,persistence,5589,5589,1.0231345925130355,0.5722932056010368,0.7294530557992687,2022-07-01
t2m,54.0,FCN,5589,5589,0.6235569731070788,-0.03247381136461483,0.4875981657490009,2022-07-01
t2m,54.0,persistence,5589,5589,5.484621268081325,-3.6952634130382034,3.8434295294992413,2022-07-01
t2m,60.0,FCN,5589,5589,1.2690610930697679,0.3032154107808805,0.8547121440239913,2022-07-01
t2m,60.0,persistence,5589,5589,1.4889271448459176,-0.7605459785396409,1.0751736195120971,2022-07-01
t2m,66.0,FCN,5589,5589,1.331329520230166,0.27774147657535786,0.9228779174375835,2022-07-01
t2m,66.0,persistence,5589,5589,2.330287771991655,1.0246525221324165,1.7441242073907095,2022-07-01
t2m,72.0,FCN,5589,5589,0.9160635570906741,0.055810097819067865,0.6893276565490768,2022-07-01
t2m,72.0,persistence,5589,5589,1.3099245470737524,0.31038493228002284,1.0212307494628818,2022-07-01
t2m,78.0,FCN,5589,5589,0.7649774758742874,-0.015238330316309516,0.6154381427313831,2022-07-01
t2m,78.0,persistence,5589,5589,5.79435438881233,-4.014629052379121,4.2462765940495775,2022-07-01
t2m,84.0,FCN,5589,5589,1.4359114822616643,0.4617568533946412,1.0285389013697566,2022-07-01
t2m,84.0,persistence,5589,5589,2.081596500587016,-0.6017527698455805,1.5889317528694997,2022-07-01
t2m,90.0,FCN,5589,5589,1.4291208002630507,0.5640989798440769,1.0332838469791743,2022-07-01
t2m,90.0,persistence,5589,5589,3.4015781088562753,1.5530221220781362,2.797055343349999,2022-07-01
t2m,96.0,FCN,5589,5589,1.3598548169073081,0.5541893255845425,1.007908941953016,2022-07-01
t2m,96.0,persistence,5589,5589,2.4677464269308933,1.0571232606725238,2.0364827003165527,2022-07-01
t2m,102.0,FCN,5589,5589,0.9773080119598139,0.026292680351746207,0.7164553194670312,2022-07-01
t2m,102.0,persistence,5589,5589,6.402895233437196,-3.578142279133059,5.0120764268705615,2022-07-01
t2m,108.0,FCN,5589,5589,1.8244456859135714,0.6600598657565173,1.3252581129950691,2022-07-01
t2m,108.0,persistence,5589,5589,2.474155651392272,-0.33698035138651966,1.9603914548176997,2022-07-01
t2m,114.0,FCN,5589,5589,2.225343290090683,0.6615385758648683,1.5925580112132642,2022-07-01
t2m,114.0,persistence,5589,5589,3.335347089633312,1.6159263073313093,2.607346062942669,2022-07-01
t2m,120.0,FCN,5589,5589,1.7705781060742387,0.34090729741545933,1.2966046057766254,2022-07-01
t2m,120.0,persistence,5589,5589,2.032417754761411,0.6098743078752088,1.649438271606218,2022-07-01
t2m,126.0,FCN,5589,5589,1.0088638318149976,0.08513458686557898,0.776185577634823,2022-07-01
t2m,126.0,persistence,5589,5589,6.7003329693941,-4.055203743628031,4.961421164266418,2022-07-01
t2m,132.0,FCN,5589,5589,1.875171540834982,0.7869309778345478,1.4041231427631102,2022-07-01
t2m,132.0,persistence,5589,5589,2.2977023395098346,-0.9105982836943701,1.7525758897895458,2022-07-01
t2m,138.0,FCN,5589,5589,2.0969590786821137,0.7283439247183177,1.583714667367443,2022-07-01
t2m,138.0,persistence,5589,5589,2.523319374232112,0.8557490715394185,1.8484465060702442,2022-07-01
t2m,144.0,FCN,5589,5589,1.746897302813544,0.42005518720624263,1.40767047392785,2022-07-01
t2m,144.0,persistence,5589,5589,1.5766368075467774,-0.1693673374439589,1.1886841046338046,2022-07-01
t2m,150.0,FCN,5589,5589,1.376776293379917,-0.24378945183916395,1.0329714048028489,2022-07-01
t2m,150.0,persistence,5589,5589,7.233789121123648,-4.932452368611025,5.225157175407803,2022-07-01
t2m,156.0,FCN,5589,5589,2.0853350125587817,0.3640986323665521,1.6443622090845162,2022-07-01
t2m,156.0,persistence,5589,5589,2.9044376950442485,-1.6956550817636025,2.066522565462564,2022-07-01
t2m,162.0,FCN,5589,5589,1.8209191999124834,0.1575236927904366,1.405739102462354,2022-07-01
t2m,162.0,persistence,5589,5589,2.4563447670859153,-0.002240759000450033,1.8699367603954868,2022-07-01
t2m,168.0,FCN,5589,5589,1.6129031044435516,0.3072326026310615,1.3033728432966791,2022-07-01
t2m,168.0,persistence,5589,5589,1.9765229173178935,-0.7989317842790605,1.4129679096262278,2022-07-01
t2m,174.0,FCN,5589,5589,1.4883272377695578,-0.3720180374754861,1.2104037550308762,2022-07-01
t2m,174.0,persistence,5589,5589,7.87108501857328,-5.770856521932668,5.819770204377867,2022-07-01
t2m,180.0,FCN,5589,5589,2.531609624784826,0.07361213334939178,2.1279055058850584,2022-07-01
t2m,180.0,persistence,5589,5589,3.5972182403213107,-2.4764998379705405,2.6378878359505418,2022-07-01
t2m,186.0,FCN,5589,5589,3.2675424451525457,-0.2587732386199392,2.7607053749951813,2022-07-01
t2m,186.0,persistence,5589,5589,3.149021277441381,-0.7492721863929875,2.2789137931080305,2022-07-01
t2m,192.0,FCN,5589,5589,3.2434600488216003,-0.5745967062051396,2.811579946106065,2022-07-01
t2m,192.0,persistence,5589,5589,2.8861789433560143,-1.2475975926291327,2.0905913722503873,2022-07-01
t2m,198.0,FCN,5589,5589,3.2391962977684425,-1.8010017988884073,2.738988885602719,2022-07-01
t2m,198.0,persistence,5589,5589,8.388283156646953,-5.505949932349824,6.45972567369936,2022-07-01
t2m,204.0,FCN,5589,5589,3.749668894689154,-0.6775173278163148,3.073841119488176,2022-07-01
t2m,204.0,persistence,5589,5589,4.641782459199913,-1.866506385292747,3.5658152394809135,2022-07-01
t2m,210.0,FCN,5589,5589,3.764623801210143,-0.7399184705744449,2.7738188002504733,2022-07-01
t2m,210.0,persistence,5589,5589,3.9240810870651446,0.11490421963206861,3.212541169987216,2022-07-01
t2m,216.0,FCN,5589,5589,3.3553632023150506,-0.755124192505017,2.335091472096542,2022-07-01
t2m,216.0,persistence,5589,5589,3.2084497085300008,-0.04936428339558181,2.7345472485699265,2022-07-01
t2m,222.0,FCN,5589,5589,1.7559543238842847,-0.3825703951885794,1.27921187366363,2022-07-01
t2m,222.0,persistence,5589,5589,6.868322713688947,-3.3848438739882205,5.409797504349485,2022-07-01
t2m,228.0,FCN,5589,5589,2.5389742492170337,-0.2274600137799645,1.860582139674876,2022-07-01
t2m,228.0,persistence,5589,5589,2.9665166669920184,-0.9175473533933722,2.4564950073033796,2022-07-01
t2m,234.0,FCN,5589,5589,2.583265896484477,-0.6134331991817282,1.9560508057909962,2022-07-01
t2m,234.0,persistence,5589,5589,2.0124630575645224,0.6925498051495522,1.6032674873248436,2022-07-01
t2m,240.0,FCN,5589,5589,2.14273960837081,-0.7894672669490206,1.6897366683539152,2022-07-01
t2m,240.0,persistence,5589,5589,1.6876421119446305,0.05936763729950919,1.2911607093917832,2022-07-01
t850,6.0,FCN,5589,5589,0.7584893841031787,0.18711054984003297,0.5233530788677524,2022-07-01
t850,6.0,persistence,5589,5589,1.5239006271679714,0.4057608684936102,1.0110772329618305,2022-07-01
t850,12.0,FCN,5589,5589,1.050308209993936,0.3937095791533183,0.7765535791150444,2022-07-01
t850,12.0,persistence,5589,5589,1.568205320563,0.487762546053012,1.1586372072715247,2022-07-01
t850,18.0,FCN,5589,5589,1.1270013428243972,0.323552938804657,0.8101012190331884,2022-07-01
t850,18.0,persistence,5589,5589,1.8658764921799527,0.7336073890717605,1.4565830524566232,2022-07-01
t850,24.0,FCN,5589,5589,1.2027373716983074,0.27070355972934956,0.8519412732664278,2022-07-01
t850,24.0,persistence,5589,5589,2.1422418308630364,0.8870867366444289,1.635265840245109,2022-07-01
t850,30.0,FCN,5589,5589,1.2325126611131252,0.2439072468941305,0.8836811413758312,2022-07-01
t850,30.0,persistence,5589,5589,2.2767117217445203,1.1532888619038941,1.7076804924575353,2022-07-01
t850,36.0,FCN,5589,5589,0.9911111243081521,0.2652837467755234,0.7179053441036817,2022-07-01
t850,36.0,persistence,5589,5589,2.4463219591351177,1.2234067974783704,1.9639171959703892,2022-07-01
t850,42.0,FCN,5589,5589,1.0744841619750853,0.2587881637951232,0.778041012402873,2022-07-01
t850,42.0,persistence,5589,5589,2.876078682067022,1.4483496888395853,2.4065625560245016,2022-07-01
t850,48.0,FCN,5589,5589,1.2976345343544167,0.5120781494570614,1.0625276213804686,2022-07-01
t850,48.0,persistence,5589,5589,2.9498980124792182,1.6334234034305646,2.4936967452575574,2022-07-01
t850,54.0,FCN,5589,5589,1.1537720854381937,0.030697358339824572,0.9201826353376981,2022-07-01
t850,54.0,persistence,5589,5589,2.7086416585411417,1.2067203088063312,2.256174854219416,2022-07-01
t850,60.0,FCN,5589,5589,1.2058719623434928,-0.07545234852283753,0.9400181191133661,2022-07-01
t850,60.0,persistence,5589,5589,2.852735452307057,1.0967886741845576,2.3603814679597304,2022-07-01
t850,66.0,FCN,5589,5589,1.4249747767025636,0.038990201915289416,1.1655183101983255,2022-07-01
t850,66.0,persistence,5589,5589,3.271753309405375,1.3747362109671573,2.690784738488565,2022-07-01
t850,72.0,FCN,5589,5589,1.432811741501324,-0.0029860309213924287,1.0865365944097871,2022-07-01
t850,72.0,persistence,5589,5589,3.05668008518196,1.0529396223005438,2.4245593160776195,2022-07-01
t850,78.0,FCN,5589,5589,1.357072695921287,-0.22674602637767027,1.022292952022607,2022-07-01
t850,78.0,persistence,5589,5589,3.016523168349906,0.5207757787393116,2.525299431788517,2022-07-01
t850,84.0,FCN,5589,5589,1.3547702692693468,-0.12080833084765441,0.9913358247042228,2022-07-01
t850,84.0,persistence,5589,5589,3.595793907250164,0.37850273354350134,3.1022317954642054,2022-07-01
t850,90.0,FCN,5589,5589,1.4404744544768422,-0.012318848576122919,1.134190835531331,2022-07-01
t850,90.0,persistence,5589,5589,4.190472552039376,0.8943093759912979,3.661796887252657,2022-07-01
t850,96.0,FCN,5589,5589,1.2609823245972298,0.21830005081391599,1.0062069788412373,2022-07-01
t850,96.0,persistence,5589,5589,4.408559511105109,1.575665280267581,3.8161885798925432,2022-07-01
t850,102.0,FCN,5589,5589,1.1768515743523167,0.24865909747762588,0.9400192264967504,2022-07-01
t850,102.0,persistence,5589,5589,4.3613794425208186,2.1915118088456187,3.713899665946663,2022-07-01
t850,108.0,FCN,5589,5589,1.25112058177166,-0.05649464141473648,0.9846736335455485,2022-07-01
t850,108.0,persistence,5589,5589,4.166562093022905,2.232330678345377,3.499034629869485,2022-07-01
t850,114.0,FCN,5589,5589,1.591826578173442,-0.06043376457729559,1.2925211015375921,2022-07-01
t850,114.0,persistence,5589,5589,4.285766849780962,2.441867780659347,3.565971599322146,2022-07-01
t850,120.0,FCN,5589,5589,1.6263647140936257,-0.020474608457753497,1.379748208157794,2022-07-01
t850,120.0,persistence,5589,5589,4.058722470019822,2.3298862566638987,3.4198469536576352,2022-07-01
t850,126.0,FCN,5589,5589,1.4865091220093134,0.15661131832502545,1.2276110192914598,2022-07-01
t850,126.0,persistence,5589,5589,3.77942830864463,2.1078085039561567,3.1585426018723957,2022-07-01
t850,132.0,FCN,5589,5589,1.6906871813753273,0.3774793010094236,1.4008601065565065,2022-07-01
t850,132.0,persistence,5589,5589,3.5232820953248964,1.7646577305761617,2.9063955559257364,2022-07-01
t850,138.0,FCN,5589,5589,1.7433210188097894,0.34972045812447305,1.426081825982859,2022-07-01
t850,138.0,persistence,5589,5589,3.311702945159424,1.6281219898271564,2.7635739582428314,2022-07-01
t850,144.0,FCN,5589,5589,1.801851541600474,-0.14953791484966716,1.4112629658681533,2022-07-01
t850,144.0,persistence,5589,5589,2.523142471821499,0.8878865685385674,2.065874682242301,2022-07-01
t850,150.0,FCN,5589,5589,1.7074209833184546,-0.3355882855361932,1.263102608509688,2022-07-01
t850,150.0,persistence,5589,5589,2.0532318867783723,0.37138417712492255,1.6514774876005152,2022-07-01
t850,156.0,FCN,5589,5589,1.7535499757140363,-0.22766021927183722,1.3890264235638419,2022-07-01
t850,156.0,persistence,5589,5589,1.8102659795490208,-0.12719951086417694,1.433708149495042,2022-07-01
t850,162.0,FCN,5589,5589,1.7867517115620906,-0.2245663935215372,1.5033107774911492,2022-07-01
t850,162.0,persistence,5589,5589,1.9337462830736063,-0.5111531233191484,1.4316078325797743,2022-07-01
t850,168.0,FCN,5589,5589,1.7197077131079477,-0.07801491162474168,1.4015238523448177,2022-07-01
t850,168.0,persistence,5589,5589,2.187729039339713,-0.9818349029949199,1.6668890046889588,2022-07-01
t850,174.0,FCN,5589,5589,2.111971194846441,-0.08168220444808931,1.7130734901288358,2022-07-01
t850,174.0,persistence,5589,5589,2.365666534003077,-1.3937098413495637,1.9283880030542229,2022-07-01
t850,180.0,FCN,5589,5589,3.031130021625843,-0.5925834856290053,2.4772934789572747,2022-07-01
t850,180.0,persistence,5589,5589,2.886580099622657,-1.9103641659420405,2.3206077520988244,2022-07-01
t850,186.0,FCN,5589,5589,4.097716640111815,-1.5180212928807735,3.376814352001757,2022-07-01
t850,186.0,persistence,5589,5589,3.0913495558911026,-2.016934142879449,2.4314241054108865,2022-07-01
t850,192.0,FCN,5589,5589,4.643148154100053,-2.4969084207306866,3.9285633068017427,2022-07-01
t850,192.0,persistence,5589,5589,3.3335272292672613,-1.8223369617580438,2.693143164129248,2022-07-01
t850,198.0,FCN,5589,5589,4.698317769329146,-2.738578352430158,3.9975729200880914,2022-07-01
t850,198.0,persistence,5589,5589,3.482912550489652,-0.936146045037411,2.7810886984007945,2022-07-01
t850,204.0,FCN,5589,5589,4.560381331935032,-2.9118751130714924,3.794892650534365,2022-07-01
t850,204.0,persistence,5589,5589,4.299384953734538,-0.10501528057839316,3.5469197889343445,2022-07-01
t850,210.0,FCN,5589,5589,4.095305920512117,-2.335057295765956,3.255936395305461,2022-07-01
t850,210.0,persistence,5589,5589,5.095525641858093,1.286396477940872,4.315992734356592,2022-07-01
t850,216.0,FCN,5589,5589,2.612069863355578,-1.2814972632501398,2.083254103154253,2022-07-01
t850,216.0,persistence,5589,5589,5.314479443474394,2.487481270759026,4.588613838185543,2022-07-01
t850,222.0,FCN,5589,5589,2.1579627884766843,-0.6981317156801098,1.739298550844501,2022-07-01
t850,222.0,persistence,5589,5589,5.359223597730559,2.861173597489365,4.737693822401831,2022-07-01
t850,228.0,FCN,5589,5589,2.133125871992198,-0.30000322897248916,1.7234929901533576,2022-07-01
t850,228.0,persistence,5589,5589,5.532302313181025,2.8928666334928574,4.994993302475153,2022-07-01
t850,234.0,FCN,5589,5589,2.346678109085372,0.06776164922995938,1.9012832530563875,2022-07-01
t850,234.0,persistence,5589,5589,5.474037691265214,3.311224619428704,4.871386356537002,2022-07-01
t850,240.0,FCN,5589,5589,2.581977276823651,0.3810592039844777,2.0591768995425834,2022-07-01
t850,240.0,persistence,5589,5589,5.227673606699614,3.3228674455580833,4.549897794831188,2022-07-01
u10m,6.0,FCN,5589,5589,0.4662801080406435,0.17762416296966843,0.3666893005055151,2022-07-01
u10m,6.0,persistence,5589,5589,1.4890786020058009,-0.4929705594410623,1.20955482517428,2022-07-01
u10m,12.0,FCN,5589,5589,0.6330001531451825,0.06754561314003013,0.451395579661006,2022-07-01
u10m,12.0,persistence,5589,5589,1.8232066257358222,-0.8420554567899059,1.2717561392874166,2022-07-01
u10m,18.0,FCN,5589,5589,0.743244316360304,0.3142081906104789,0.5583628348437726,2022-07-01
u10m,18.0,persistence,5589,5589,1.0679091603846682,0.374070421424552,0.8114769456730675,2022-07-01
u10m,24.0,FCN,5589,5589,0.6624664627255021,0.14538656918366277,0.4878023178789227,2022-07-01
u10m,24.0,persistence,5589,5589,1.1748887155215308,0.09879347693152594,0.8048218143880014,2022-07-01
u10m,30.0,FCN,5589,5589,0.668324917437941,0.08157211953636916,0.525792826362946,2022-07-01
u10m,30.0,persistence,5589,5589,1.9610183589068824,-0.46672678529214345,1.612706351515224,2022-07-01
u10m,36.0,FCN,5589,5589,0.792716916825928,0.009097983598701793,0.5628336236381152,2022-07-01
u10m,36.0,persistence,5589,5589,2.271005805709323,-0.4300211299937901,1.7587317282219233,2022-07-01
u10m,42.0,FCN,5589,5589,0.8047724585625577,0.28891856453075837,0.599993851184151,2022-07-01
u10m,42.0,persistence,5589,5589,1.787335172540616,0.6001227502515849,1.2881500565958866,2022-07-01
u10m,48.0,FCN,5589,5589,0.8288556942498877,0.23330081760494242,0.5937043953994332,2022-07-01
u10m,48.0,persistence,5589,5589,1.7251075492990209,0.13901300184154028,1.1962195127546706,2022-07-01
u10m,54.0,FCN,5589,5589,1.1406751024060169,0.6411670796050197,0.8870851860886326,2022-07-01
u10m,54.0,persistence,5589,5589,2.0192889095935844,-0.14780310685047954,1.6518718263652412,2022-07-01
u10m,60.0,FCN,5589,5589,1.0573072609189937,0.6264148814748648,0.8047485720934255,2022-07-01
u10m,60.0,persistence,5589,5589,2.887681968046031,-0.1412591623963566,2.3398282117518754,2022-07-01
u10m,66.0,FCN,5589,5589,1.0379537168310096,0.5265967489401435,0.8132445825061254,2022-07-01
u10m,66.0,persistence,5589,5589,2.760266336812731,-0.08820369823064436,2.150923228787934,2022-07-01
u10m,72.0,FCN,5589,5589,1.115603001803215,0.41372081685343887,0.8051461870676757,2022-07-01
u10m,72.0,persistence,5589,5589,3.3010013011035673,-0.8201347852826147,2.3173260459214524,2022-07-01
u10m,78.0,FCN,5589,5589,1.554513020342927,0.34925126679118135,1.1254963379498684,2022-07-01
u10m,78.0,persistence,5589,5589,4.695687212453923,-2.4592008997297237,3.3114349929847147,2022-07-01
u10m,84.0,FCN,5589,5589,1.8120806365119706,0.1429940617459419,1.1439774506716935,2022-07-01
u10m,84.0,persistence,5589,5589,6.005783919904516,-3.6751803154720317,4.5834928613264125,2022-07-01
u10m,90.0,FCN,5589,5589,2.3421727816054556,0.6457342636979788,1.5919701782032436,2022-07-01
u10m,90.0,persistence,5589,5589,6.196102078489672,-4.593254056748068,4.750656443286861,2022-07-01
u10m,96.0,FCN,5589,5589,3.2828964595120524,1.4956674714368623,2.257868600594773,2022-07-01
u10m,96.0,persistence,5589,5589,5.480814898058754,-4.571466235146302,4.616342653964822,2022-07-01
u10m,102.0,FCN,5589,5589,3.6779654447255807,2.3417072075458103,2.8633363615769145,2022-07-01
u10m,102.0,persistence,5589,5589,5.471364198211842,-4.792287762377451,4.79328890654117,2022-07-01
u10m,108.0,FCN,5589,5589,3.454718758993612,2.11671937435101,2.64218207204311,2022-07-01
u10m,108.0,persistence,5589,5589,4.129076716736718,-3.336431903675895,3.4126721789684993,2022-07-01
u10m,114.0,FCN,5589,5589,2.9409135282663272,1.3271387021547763,2.1718398786366007,2022-07-01
u10m,114.0,persistence,5589,5589,3.343877197967583,-2.6444763166258163,2.839503441462396,2022-07-01
u10m,120.0,FCN,5589,5589,2.789788160544701,0.9810836625830803,2.0148312282871053,2022-07-01
u10m,120.0,persistence,5589,5589,2.813613427426244,-1.8238687303035142,2.3568771897579444,2022-07-01
u10m,126.0,FCN,5589,5589,3.5125416859831655,1.608707516003207,2.5410075096353184,2022-07-01
u10m,126.0,persistence,5589,5589,2.798104365070877,-1.1113262818612797,2.360596024094091,2022-07-01
u10m,132.0,FCN,5589,5589,3.7438175684997725,1.9585064086978563,2.554956959628405,2022-07-01
u10m,132.0,persistence,5589,5589,3.75464682496047,-0.5436170591812155,3.196653468529041,2022-07-01
u10m,138.0,FCN,5589,5589,4.0687141961771465,2.2038977574596457,2.7181453182197566,2022-07-01
u10m,138.0,persistence,5589,5589,3.887140092009435,0.35193575342952854,3.168578852790407,2022-07-01
u10m,144.0,FCN,5589,5589,4.286329743696094,2.3506172415789774,2.7465064501367045,2022-07-01
u10m,144.0,persistence,5589,5589,4.37091159669133,0.8736233327151053,3.45850222476051,2022-07-01
u10m,150.0,FCN,5589,5589,4.116443127043413,2.5339074028705624,3.0049781544060865,2022-07-01
u10m,150.0,persistence,5589,5589,4.782881915463051,0.43061387590967826,3.7990393517904746,2022-07-01
u10m,156.0,FCN,5589,5589,3.725760755201107,1.4855987965207544,2.600183636980488,2022-07-01
u10m,156.0,persistence,5589,5589,5.658660536100406,-0.4429887786536841,4.719138579846873,2022-07-01
u10m,162.0,FCN,5589,5589,3.0698081622601547,0.863230209173589,2.050112729490352,2022-07-01
u10m,162.0,persistence,5589,5589,4.672059534450465,-0.6819618847754118,3.729634229190697,2022-07-01
u10m,168.0,FCN,5589,5589,2.3597450814308933,0.7775548779602515,1.6714815165634163,2022-07-01
u10m,168.0,persistence,5589,5589,4.699160621250325,-0.962509601877479,3.7041094151525282,2022-07-01
u10m,174.0,FCN,5589,5589,3.8473983430093073,2.36019074845917,2.781705405091998,2022-07-01
u10m,174.0,persistence,5589,5589,5.055077088709379,-1.8149304985002306,4.044120028184634,2022-07-01
u10m,180.0,FCN,5589,5589,3.782266797994439,2.778563744624515,3.03330276518887,2022-07-01
u10m,180.0,persistence,5589,5589,5.4251490985186255,-2.7772290425327126,4.334229595153869,2022-07-01
u10m,186.0,FCN,5589,5589,3.973812289241519,3.2367937739602146,3.3036847358488166,2022-07-01
u10m,186.0,persistence,5589,5589,5.9782466923027275,-3.833410923014025,4.426327223847314,2022-07-01
u10m,192.0,FCN,5589,5589,4.005417104984495,2.5454639241273878,3.472591329696741,2022-07-01
u10m,192.0,persistence,5589,5589,7.445870083136935,-5.143656532325526,5.530589251992611,2022-07-01
u10m,198.0,FCN,5589,5589,5.643717090906133,1.0408006854284433,4.81615579113682,2022-07-01
u10m,198.0,persistence,5589,5589,9.555628737756921,-7.6518016827722315,7.797936888016901,2022-07-01
u10m,204.0,FCN,5589,5589,6.904922158213841,-1.7809152940203077,5.445918369776391,2022-07-01
u10m,204.0,persistence,5589,5589,10.301560693026936,-8.71892605404609,8.80047671156748,2022-07-01
u10m,210.0,FCN,5589,5589,6.162389015960071,-3.7885483273186633,4.785337181303333,2022-07-01
u10m,210.0,persistence,5589,5589,9.933532008482068,-9.038473947020476,9.038473947020476,2022-07-01
u10m,216.0,FCN,5589,5589,5.272208385336143,-4.100920588162586,4.315500317915693,2022-07-01
u10m,216.0,persistence,5589,5589,8.573447670498847,-7.885034393049393,7.885034393049393,2022-07-01
u10m,222.0,FCN,5589,5589,5.0291617566026305,-4.303567840340318,4.361421658541939,2022-07-01
u10m,222.0,persistence,5589,5589,7.696565797895034,-7.328560520169215,7.328560520169215,2022-07-01
u10m,228.0,FCN,5589,5589,4.3621868694844235,-3.232085215949187,3.4518476159383273,2022-07-01
u10m,228.0,persistence,5589,5589,5.99240830308408,-5.650298288275423,5.650298288275423,2022-07-01
u10m,234.0,FCN,5589,5589,4.693898678459581,-3.2486801851874625,3.633362038139336,2022-07-01
u10m,234.0,persistence,5589,5589,4.850774040737953,-4.373481716136472,4.376442013986846,2022-07-01
u10m,240.0,FCN,5589,5589,4.842441762969933,-3.0182675006602206,3.4877272719980494,2022-07-01
u10m,240.0,persistence,5589,5589,3.760369731685502,-3.1246896432419518,3.147724470170834,2022-07-01
v10m,6.0,FCN,5589,5589,0.4327658051027636,0.09401095174229282,0.3429648160431029,2022-07-01
v10m,6.0,persistence,5589,5589,0.9952672129644741,-0.04943377851422185,0.7701127534735543,2022-07-01
v10m,12.0,FCN,5589,5589,0.7064333216193761,-0.1387431004909253,0.5255427140801746,2022-07-01
v10m,12.0,persistence,5589,5589,2.7668895940128384,-2.0727714679073994,2.14419317277407,2022-07-01
v10m,18.0,FCN,5589,5589,0.6565145494968163,-0.13048148991438263,0.5055166651969399,2022-07-01
v10m,18.0,persistence,5589,5589,2.0152858537404974,-1.1767520332371557,1.399101125318111,2022-07-01
v10m,24.0,FCN,5589,5589,0.760134374828985,0.08142280984837062,0.5657581810378979,2022-07-01
v10m,24.0,persistence,5589,5589,1.0786930598836513,-0.12381649853812209,0.8131451239512933,2022-07-01
v10m,30.0,FCN,5589,5589,0.7084045805953807,-0.026625715939557565,0.5068104477689106,2022-07-01
v10m,30.0,persistence,5589,5589,1.5682815075154815,-0.12888396799211713,1.29088085127873,2022-07-01
v10m,36.0,FCN,5589,5589,0.9911991029888986,-0.569625872218955,0.7226841294854406,2022-07-01
v10m,36.0,persistence,5589,5589,2.9514548753763594,-2.049210356199256,2.3429988165612916,2022-07-01
v10m,42.0,FCN,5589,5589,0.9782354900331172,-0.6784914309617999,0.7561919057723047,2022-07-01
v10m,42.0,persistence,5589,5589,1.7835500118980279,-0.5553918177953205,1.2472524071840265,2022-07-01
v10m,48.0,FCN,5589,5589,0.9787292540818295,-0.6087102962712994,0.7356897088040133,2022-07-01
v10m,48.0,persistence,5589,5589,1.5047211049735858,0.7063415769305483,1.1944226754332237,2022-07-01
v10m,54.0,FCN,5589,5589,0.9486680695975542,-0.5619863892539422,0.7019180651242222,2022-07-01
v10m,54.0,persistence,5589,5589,2.0983887734915805,1.415164969927605,1.7459789442340319,2022-07-01
v10m,60.0,FCN,5589,5589,0.9886121854880406,-0.43672826046503754,0.7215582426016001,2022-07-01
v10m,60.0,persistence,5589,5589,2.178267070465194,0.7359912179702774,1.6519352936870777,2022-07-01
v10m,66.0,FCN,5589,5589,0.9843602453326483,-0.24052994735085112,0.7570889411976861,2022-07-01
v10m,66.0,persistence,5589,5589,3.5854982375901217,2.641549030751485,2.7969067008142496,2022-07-01
v10m,72.0,FCN,5589,5589,0.9511715325539122,0.0399352541709668,0.734076044827649,2022-07-01
v10m,72.0,persistence,5589,5589,4.8354067568380446,4.083874218240449,4.097055978901318,2022-07-01
v10m,78.0,FCN,5589,5589,2.0113141207494785,-0.3923231484245162,1.076220387942537,2022-07-01
v10m,78.0,persistence,5589,5589,5.773293323393836,4.6918252781284755,5.143057449631771,2022-07-01
v10m,84.0,FCN,5589,5589,2.7262697642299507,-0.7914818836186445,1.4832316464091961,2022-07-01
v10m,84.0,persistence,5589,5589,4.962833750985554,2.3108151799593073,3.945021663574924,2022-07-01
v10m,90.0,FCN,5589,5589,3.7552838686607344,-1.6647820427861433,2.1653247308843167,2022-07-01
v10m,90.0,persistence,5589,5589,5.5887245157899414,0.6283005367232858,4.403652861525847,2022-07-01
v10m,96.0,FCN,5589,5589,3.6987630480869336,-1.5097412438790023,2.24897075108005,2022-07-01
v10m,96.0,persistence,5589,5589,6.542952567214437,-1.245784531597431,5.3623206845475995,2022-07-01
v10m,102.0,FCN,5589,5589,2.878538167757715,-0.6509440498730028,1.79075512414126,2022-07-01
v10m,102.0,persistence,5589,5589,6.430482986094892,-2.287945246690193,5.434276005575762,2022-07-01
v10m,108.0,FCN,5589,5589,1.7260748985115562,0.09064734953439833,1.237936482531967,2022-07-01
v10m,108.0,persistence,5589,5589,5.4208125433354395,-3.131921069448064,4.397492119221398,2022-07-01
v10m,114.0,FCN,5589,5589,1.8066647710601333,0.04033381058198318,1.3705117311346027,2022-07-01
v10m,114.0,persistence,5589,5589,4.4274615603728265,-2.4192348800387933,3.42730456247511,2022-07-01
v10m,120.0,FCN,5589,5589,2.520483706011889,-1.1524870746659335,2.015139269960986,2022-07-01
v10m,120.0,persistence,5589,5589,4.092466283948897,-2.1976363047674563,3.151580601873433,2022-07-01
v10m,126.0,FCN,5589,5589,2.8088747520079353,-1.8428695223474691,2.1311356622973396,2022-07-01
v10m,126.0,persistence,5589,5589,3.7311598374341237,-1.6764295176574435,2.863243707154843,2022-07-01
v10m,132.0,FCN,5589,5589,2.759358962775627,-1.3553987285558422,1.9915325646582451,2022-07-01
v10m,132.0,persistence,5589,5589,3.571587377585593,-1.9341322290586218,2.7550726513996167,2022-07-01
v10m,138.0,FCN,5589,5589,2.949669056663187,-0.9678314244774636,2.0578896730479563,2022-07-01
v10m,138.0,persistence,5589,5589,2.9235798583317605,-1.0315180504783878,2.260568206990266,2022-07-01
v10m,144.0,FCN,5589,5589,3.375697526999277,-0.3733674065783585,2.27610283178389,2022-07-01
v10m,144.0,persistence,5589,5589,2.384400567273002,0.05565256999582543,1.8913213654971517,2022-07-01
v10m,150.0,FCN,5589,5589,3.4141729465432777,0.2872267927278299,2.2594101473596466,2022-07-01
v10m,150.0,persistence,5589,5589,2.9148905022914247,1.385588975514637,2.3301593777511678,2022-07-01
v10m,156.0,FCN,5589,5589,2.827911239556943,0.16588200763885533,1.9646314647207654,2022-07-01
v10m,156.0,persistence,5589,5589,2.37853757174427,0.4710421862880414,1.7315956303213988,2022-07-01
v10m,162.0,FCN,5589,5589,2.1067095866223666,-0.37307066166715336,1.5929449965811897,2022-07-01
v10m,162.0,persistence,5589,5589,2.6473948673269874,1.301860236286184,1.9906646144582165,2022-07-01
v10m,168.0,FCN,5589,5589,2.580732283247881,-1.1897537077795965,1.8967347882305667,2022-07-01
v10m,168.0,persistence,5589,5589,2.960873201932067,2.0663801482830046,2.359205957912594,2022-07-01
v10m,174.0,FCN,5589,5589,3.5942171921434034,-0.472299368114863,2.829089980668051,2022-07-01
v10m,174.0,persistence,5589,5589,3.782523254616153,3.1372902210843403,3.2595277368687565,2022-07-01
v10m,180.0,FCN,5589,5589,5.692669311430803,1.5846460315921664,3.969810168917619,2022-07-01
v10m,180.0,persistence,5589,5589,4.157001813129006,3.0515229237726755,3.2451319449875817,2022-07-01
v10m,186.0,FCN,5589,5589,7.178791356431838,3.6405191688029426,5.052969681531582,2022-07-01
v10m,186.0,persistence,5589,5589,4.752131727429826,3.758712542433105,3.8701348433013303,2022-07-01
v10m,192.0,FCN,5589,5589,8.356863597126441,5.599065175068555,6.395629445759266,2022-07-01
v10m,192.0,persistence,5589,5589,4.802476552731487,3.652922915584787,4.015929048889181,2022-07-01
v10m,198.0,FCN,5589,5589,9.028407772670837,7.452648791041287,7.541386898450819,2022-07-01
v10m,198.0,persistence,5589,5589,5.255778184722375,3.2029092325112405,4.603353863811239,2022-07-01
v10m,204.0,FCN,5589,5589,7.898796072006,5.900087802734853,6.030802418984175,2022-07-01
v10m,204.0,persistence,5589,5589,5.503865671647533,0.06755152881320207,4.568611749781809,2022-07-01
v10m,210.0,FCN,5589,5589,5.977066818260294,2.938445622017945,4.424212172237345,2022-07-01
v10m,210.0,persistence,5589,5589,6.718314074668875,-2.653056221073445,5.619770259202644,2022-07-01
v10m,216.0,FCN,5589,5589,4.131578085388043,0.45855821171770805,3.324431047725872,2022-07-01
v10m,216.0,persistence,5589,5589,7.281374571750981,-4.36064637728797,6.140192374100178,2022-07-01
v10m,222.0,FCN,5589,5589,3.7899340534028583,-0.7989233186121426,3.047411415055568,2022-07-01
v10m,222.0,persistence,5589,5589,7.283573528625524,-4.956055116461491,6.427845739637968,2022-07-01
v10m,228.0,FCN,5589,5589,3.4021615511562056,-0.8130935110129655,2.685971249545991,2022-07-01
v10m,228.0,persistence,5589,5589,6.725405827214025,-5.040189629349149,5.932150993753017,2022-07-01
v10m,234.0,FCN,5589,5589,3.235516380566048,-1.096157517351753,2.567589113945087,2022-07-01
v10m,234.0,persistence,5589,5589,5.434765445283077,-4.283765681033389,4.763690125499418,2022-07-01
v10m,240.0,FCN,5589,5589,3.236048986486701,-1.4642381760437406,2.6515513867319025,2022-07-01
v10m,240.0,persistence,5589,5589,4.190029955687065,-3.0786989639327786,3.4890241932255077,2022-07-01
z500,6.0,FCN,5589,5589,34.218666720132525,-24.268090952193436,27.136136747236304,2022-07-01
z500,6.0,persistence,5589,5589,95.15598437637604,72.86911326779104,81.93223960179333,2022-07-01
z500,12.0,FCN,5589,5589,52.00669462827758,-42.74613563185103,44.506497510459994,2022-07-01
z500,12.0,persistence,5589,5589,107.15859950154346,-28.249395607579142,89.2732566208986,2022-07-01
z500,18.0,FCN,5589,5589,58.212274692004264,-46.47908714258559,50.43861798588832,2022-07-01
z500,18.0,persistence,5589,5589,167.7614645689526,100.47524867445262,139.37082155931893,2022-07-01
z500,24.0,FCN,5589,5589,71.63538850884476,-49.527106869575185,59.560424778429876,2022-07-01
z500,24.0,persistence,5589,5589,226.61743895149726,138.69942543610247,193.0328228434144,2022-07-01
z500,30.0,FCN,5589,5589,81.89178419979343,-64.99760579507068,70.75608549594084,2022-07-01
z500,30.0,persistence,5589,5589,345.62387944391656,300.43824458048164,303.18390168202865,2022-07-01
z500,36.0,FCN,5589,5589,84.08245374591743,-48.646827948899606,72.85036861626632,2022-07-01
z500,36.0,persistence,5589,5589,307.3345782792716,249.85137030896811,265.8874871157994,2022-07-01
z500,42.0,FCN,5589,5589,94.01649575335983,-58.39687567924989,83.58391691068613,2022-07-01
z500,42.0,persistence,5589,5589,351.66501686172904,307.65663890860486,310.08545244596337,2022-07-01
z500,48.0,FCN,5589,5589,129.43215557541563,-94.5662822141125,114.32586537530574,2022-07-01
z500,48.0,persistence,5589,5589,297.1667578147974,233.10931640354696,245.77631180982044,2022-07-01
z500,54.0,FCN,5589,5589,128.02719303229844,-95.3941693830222,114.37885934837021,2022-07-01
z500,54.0,persistence,5589,5589,391.7058311188492,313.1381653410241,314.69665679635904,2022-07-01
z500,60.0,FCN,5589,5589,101.4296437515819,-60.3236598221697,90.81039067812785,2022-07-01
z500,60.0,persistence,5589,5589,377.10265981194414,217.28985143358926,259.3182818465721,2022-07-01
z500,66.0,FCN,5589,5589,98.24364484103322,-72.73632071453584,88.53444435412244,2022-07-01
z500,66.0,persistence,5589,5589,476.94664124735164,267.39088504356334,292.22988292316944,2022-07-01
z500,72.0,FCN,5589,5589,109.75204905139519,-90.16420895341666,97.12999662898254,2022-07-01
z500,72.0,persistence,5589,5589,604.732786014453,275.29456739531247,385.8876828764387,2022-07-01
z500,78.0,FCN,5589,5589,87.3280590363132,-68.42129393783674,75.92186856766807,2022-07-01
z500,78.0,persistence,5589,5589,853.6181766686648,484.5575875948848,550.1143848307926,2022-07-01
z500,84.0,FCN,5589,5589,97.99366690470814,-57.184005743921276,77.39425399346855,2022-07-01
z500,84.0,persistence,5589,5589,1083.8774219120726,537.5632453773542,711.5671615356752,2022-07-01
z500,90.0,FCN,5589,5589,191.401388590321,-84.87620813823028,119.71961015588609,2022-07-01
z500,90.0,persistence,5589,5589,1262.6023540029785,727.1903349102603,870.7257434350975,2022-07-01
z500,96.0,FCN,5589,5589,351.9988711277727,-178.64222921752616,197.90637520173047,2022-07-01
z500,96.0,persistence,5589,5589,1202.0873321281372,719.886754595445,881.168163522515,2022-07-01
z500,102.0,FCN,5589,5589,325.2755024554256,-153.96150711525107,184.58627149823573,2022-07-01
z500,102.0,persistence,5589,5589,1133.6224081277214,767.2166238361432,863.0790595681138,2022-07-01
z500,108.0,FCN,5589,5589,243.25527949660093,-95.68484672221143,145.7665478975713,2022-07-01
z500,108.0,persistence,5589,5589,923.9471979529701,551.494076558291,729.2193355925116,2022-07-01
z500,114.0,FCN,5589,5589,141.09894744029376,-7.137473164121806,105.79115602269464,2022-07-01
z500,114.0,persistence,5589,5589,846.2734789040106,518.3515283474009,659.9007176420321,2022-07-01
z500,120.0,FCN,5589,5589,128.37275322636268,-4.815614023459908,93.75284483477193,2022-07-01
z500,120.0,persistence,5589,5589,778.8550664469924,398.7868087621387,624.941836508261,2022-07-01
z500,126.0,FCN,5589,5589,174.06363366917265,4.931444012506622,115.48168016744128,2022-07-01
z500,126.0,persistence,5589,5589,750.3408155242075,447.5098085066635,596.9722820829332,2022-07-01
z500,132.0,FCN,5589,5589,224.34002516386087,-58.952285707752445,153.58070840013113,2022-07-01
z500,132.0,persistence,5589,5589,657.2491046512438,257.84743436372025,561.9745200183305,2022-07-01
z500,138.0,FCN,5589,5589,280.5750126499985,-132.9313612450024,181.33502753164385,2022-07-01
z500,138.0,persistence,5589,5589,604.3545898212082,263.58578980806766,512.0729710059203,2022-07-01
z500,144.0,FCN,5589,5589,343.36743816515184,-234.25067677713977,243.69469748289757,2022-07-01
z500,144.0,persistence,5589,5589,567.5584442302351,180.42352869204947,487.551597083202,2022-07-01
z500,150.0,FCN,5589,5589,320.2856202727064,-184.07643451683523,243.50852172696716,2022-07-01
z500,150.0,persistence,5589,5589,620.9454328503635,379.8684615067263,508.275982336153,2022-07-01
z500,156.0,FCN,5589,5589,309.6868725714582,-183.24290876915134,230.62231282628156,2022-07-01
z500,156.0,persistence,5589,5589,626.0714994990076,319.2138477047077,519.868859378136,2022-07-01
z500,162.0,FCN,5589,5589,348.5185919629219,-186.96109381139885,279.3517650195467,2022-07-01
z500,162.0,persistence,5589,5589,650.2418417166543,411.24364876168573,507.30614027304955,2022-07-01
z500,168.0,FCN,5589,5589,470.2885126961258,-326.89949906184887,364.47361886111514,2022-07-01
z500,168.0,persistence,5589,5589,625.9226424740692,327.0853169468739,490.3978532675979,2022-07-01
z500,174.0,FCN,5589,5589,572.9829046021748,-393.76860443848926,426.2673293073748,2022-07-01
z500,174.0,persistence,5589,5589,735.9814908740188,467.72767587402865,537.0548605148887,2022-07-01
z500,180.0,FCN,5589,5589,692.4845548427273,-529.8904554662304,537.3841793892415,2022-07-01
z500,180.0,persistence,5589,5589,837.5086291763921,399.9685442402115,585.5166444965392,2022-07-01
z500,186.0,FCN,5589,5589,806.9065718285199,-638.8945900721894,639.4641038577605,2022-07-01
z500,186.0,persistence,5589,5589,1048.6039778184886,539.3461965706439,682.6856764484546,2022-07-01
z500,192.0,FCN,5589,5589,882.2689324454444,-696.9413713689097,704.8232084717605,2022-07-01
z500,192.0,persistence,5589,5589,1325.4410317721965,636.1025502659833,843.6197717133567,2022-07-01
z500,198.0,FCN,5589,5589,852.0376740717489,-483.87530705517725,641.3937444789491,2022-07-01
z500,198.0,persistence,5589,5589,1641.747704155189,927.0116230923129,1056.807242413698,2022-07-01
z500,204.0,FCN,5589,5589,832.5281873329,-176.6332109150945,638.0663116329496,2022-07-01
z500,204.0,persistence,5589,5589,1835.0366553561312,1003.7215707647911,1271.3399349052524,2022-07-01
z500,210.0,FCN,5589,5589,655.5508260237368,108.27053802735061,508.8920014276229,2022-07-01
z500,210.0,persistence,5589,5589,1829.3783572198713,1121.0395871631424,1330.1921981285288,2022-07-01
z500,216.0,FCN,5589,5589,501.15378842429095,208.44883244752833,392.67180168891133,2022-07-01
z500,216.0,persistence,5589,5589,1637.5439490791894,1019.7143088850443,1256.8643958692278,2022-07-01
z500,222.0,FCN,5589,5589,455.86358308632066,279.1470947090129,339.17117835653045,2022-07-01
z500,222.0,persistence,5589,5589,1494.489244638777,1030.094421834718,1180.3822306258412,2022-07-01
z500,228.0,FCN,5589,5589,355.836892457626,222.34417124233016,262.50290928102856,2022-07-01
z500,228.0,persistence,5589,5589,1211.531756054746,786.7558174962791,998.2058669591761,2022-07-01
z500,234.0,FCN,5589,5589,223.24343749010478,121.31089393822722,171.54139269984637,2022-07-01
z500,234.0,persistence,5589,5589,984.4518254375355,653.1943036521327,810.8392984096567,2022-07-01
z500,240.0,FCN,5589,5589,151.7261806644406,-47.60478029235806,121.17704234874381,2022-07-01
z500,240.0,persistence,5589,5589,707.9976184615412,396.62849651686633,609.5381450821536,2022-07-01
msl,6.0,FCN,5589,5589,32.439107190153656,17.768611069634368,24.99549157662566,2022-10-01
msl,6.0,persistence,5589,5589,290.9380812085116,224.83854948420242,241.83384899509483,2022-10-01
msl,12.0,FCN,5589,5589,31.16459671435365,10.559857555182834,24.221353437540877,2022-10-01
msl,12.0,persistence,5589,5589,193.38808289190507,45.65811325009962,156.07612166643585,2022-10-01
msl,18.0,FCN,5589,5589,28.58620040598303,1.6071151375715889,22.76005807286221,2022-10-01
msl,18.0,persistence,5589,5589,225.72289991675305,107.6340533485344,192.57215952100424,2022-10-01
msl,24.0,FCN,5589,5589,48.99320879581722,27.52351521262083,40.11774262591136,2022-10-01
msl,24.0,persistence,5589,5589,184.82664017653016,31.294984845195867,155.26784685004392,2022-10-01
msl,30.0,FCN,5589,5589,61.185677266926334,45.965735198039226,50.491903040712955,2022-10-01
msl,30.0,persistence,5589,5589,389.0635650907186,314.38313229423545,340.2633672075149,2022-10-01
msl,36.0,FCN,5589,5589,41.7038382611368,-3.1326229316797103,33.45163303398758,2022-10-01
msl,36.0,persistence,5589,5589,245.32848773816096,144.95782823270883,206.60473292647387,2022-10-01
msl,42.0,FCN,5589,5589,62.749424449649034,31.54153850316128,52.18279908553262,2022-10-01
msl,42.0,persistence,5589,5589,313.88619524442254,251.97595287668366,263.12491213288655,2022-10-01
msl,48.0,FCN,5589,5589,88.18799956300299,38.6535850453807,68.4096233969942,2022-10-01
msl,48.0,persistence,5589,5589,264.28514623812737,129.8340390663317,195.41119054491963,2022-10-01
msl,54.0,FCN,5589,5589,114.01981772760185,83.48307054438904,92.63150548376748,2022-10-01
msl,54.0,persistence,5589,5589,467.842983233374,403.80382680804433,403.95254129075727,2022-10-01
msl,60.0,FCN,5589,5589,82.12307481937533,38.32892418527277,62.85756392285535,2022-10-01
msl,60.0,persistence,5589,5589,450.3473862549943,265.00616618624184,279.9718205097653,2022-10-01
msl,66.0,FCN,5589,5589,95.91117579539609,69.11009223502677,79.93598036322406,2022-10-01
msl,66.0,persistence,5589,5589,658.2218017514103,430.5608970878896,442.36610233668273,2022-10-01
msl,72.0,FCN,5589,5589,96.88515016557389,27.806734085004685,79.98655203242276,2022-10-01
msl,72.0,persistence,5589,5589,775.9751221605136,391.8343950010074,485.86489276632517,2022-10-01
msl,78.0,FCN,5589,5589,102.59272351698496,77.22109920434691,86.76024334122219,2022-10-01
msl,78.0,persistence,5589,5589,1086.6440598618324,786.4496628842718,786.4496628842718,2022-10-01
msl,84.0,FCN,5589,5589,85.8953960435805,57.945178562660374,68.80967585241234,2022-10-01
msl,84.0,persistence,5589,5589,1109.4500080275127,769.4685705677309,774.0209858309413,2022-10-01
msl,90.0,FCN,5589,5589,86.77601664150187,54.463992507127216,73.71811920031848,2022-10-01
msl,90.0,persistence,5589,5589,1159.422763410337,874.5822508943103,874.5822508943103,2022-10-01
msl,96.0,FCN,5589,5589,107.05313705029201,-64.43694962247811,75.84252958196005,2022-10-01
msl,96.0,persistence,5589,5589,975.2645497330251,611.4686020997286,680.8536114840144,2022-10-01
msl,102.0,FCN,5589,5589,145.27740704625734,-79.08062387739338,100.35215117743593,2022-10-01
msl,102.0,persistence,5589,5589,980.672914881269,716.4040996789555,735.5161672411482,2022-10-01
msl,108.0,FCN,5589,5589,190.69414348789238,-158.45462383763672,159.93970735577997,2022-10-01
msl,108.0,persistence,5589,5589,719.6615813765612,367.3360696284234,515.4898741064708,2022-10-01
msl,114.0,FCN,5589,5589,130.19358298854064,-91.39634427190238,108.07499591785513,2022-10-01
msl,114.0,persistence,5589,5589,708.0777906923754,319.1478934578636,496.4178042665749,2022-10-01
msl,120.0,FCN,5589,5589,172.6675576397443,-150.28970173155807,152.2586504690732,2022-10-01
msl,120.0,persistence,5589,5589,661.6704917173313,-27.542474224000635,548.2830978760375,2022-10-01
msl,126.0,FCN,5589,5589,138.23572298693148,-89.98981062673384,119.50383484221501,2022-10-01
msl,126.0,persistence,5589,5589,552.4926304367118,120.34400562737856,415.7844300800055,2022-10-01
msl,132.0,FCN,5589,5589,155.62824639784122,-80.07435690207356,132.27243531506164,2022-10-01
msl,132.0,persistence,5589,5589,492.91092324884164,-79.507838505807,407.1956082512212,2022-10-01
msl,138.0,FCN,5589,5589,107.43712356858101,5.7111745572181505,80.36223250541914,2022-10-01
msl,138.0,persistence,5589,5589,462.2144110307457,-23.969713903799256,372.8118963671008,2022-10-01
msl,144.0,FCN,5589,5589,128.34749378683367,-67.39035706628822,113.35355019339994,2022-10-01
msl,144.0,persistence,5589,5589,583.5597119651137,-297.9204688768667,526.7412497024114,2022-10-01
msl,150.0,FCN,5589,5589,150.54173793368042,-24.76936678290136,125.3190087912654,2022-10-01
msl,150.0,persistence,5589,5589,454.9217415250486,-55.571507334284945,355.7836401896393,2022-10-01
msl,156.0,FCN,5589,5589,193.84567345331064,-38.6206001968314,156.73155107459652,2022-10-01
msl,156.0,persistence,5589,5589,536.2133016902213,-168.41864939108882,436.94166345185687,2022-10-01
msl,162.0,FCN,5589,5589,210.7431824138473,32.724282892366574,157.45184359100205,2022-10-01
msl,162.0,persistence,5589,5589,607.8814475432171,-31.72910983427183,445.8695434823731,2022-10-01
msl,168.0,FCN,5589,5589,223.2014113727814,11.454887146051949,178.00506484951984,2022-10-01
msl,168.0,persistence,5589,5589,711.4480387035397,-139.71375667756124,566.734308884068,2022-10-01
msl,174.0,FCN,5589,5589,234.26425928858723,16.425267158576396,189.2170069716594,2022-10-01
msl,174.0,persistence,5589,5589,648.8297540279334,198.15956815050814,394.6619859267726,2022-10-01
msl,180.0,FCN,5589,5589,254.04816994646714,-73.89852911007891,222.31437023066925,2022-10-01
msl,180.0,persistence,5589,5589,675.4998714876582,156.49392937707393,449.5831088709508,2022-10-01
msl,186.0,FCN,5589,5589,252.98244921343667,-111.63916717160389,222.67584781767832,2022-10-01
msl,186.0,persistence,5589,5589,777.4583949661429,312.2534111803842,505.1231638354407,2022-10-01
msl,192.0,FCN,5589,5589,300.17955385363365,-230.05787174141,259.0448652096382,2022-10-01
msl,192.0,persistence,5589,5589,769.1391029707256,213.21734571899796,558.7861633027298,2022-10-01
msl,198.0,FCN,5589,5589,374.97201094825596,-330.40208623261657,331.0356729871274,2022-10-01
msl,198.0,persistence,5589,5589,783.1048992060447,473.2630058416196,526.8245279807066,2022-10-01
msl,204.0,FCN,5589,5589,407.89994080402175,-371.2546422068404,371.2669302818576,2022-10-01
msl,204.0,persistence,5589,5589,738.0286456811999,368.99847137800697,519.6317364400793,2022-10-01
msl,210.0,FCN,5589,5589,334.0257136531447,-287.9677751056298,288.0723893879815,2022-10-01
msl,210.0,persistence,5589,5589,825.5786609413398,473.2683493169659,584.4225221766216,2022-10-01
msl,216.0,FCN,5589,5589,262.8521475717382,-219.1815218100957,225.80358309619086,2022-10-01
msl,216.0,persistence,5589,5589,793.364429665443,311.9482779261619,582.139515458387,2022-10-01
msl,222.0,FCN,5589,5589,269.747396891339,-178.20561628474547,205.10429741495898,2022-10-01
msl,222.0,persistence,5589,5589,829.0906745229452,486.7286028069037,603.7733231976075,2022-10-01
msl,228.0,FCN,5589,5589,338.975274001101,-172.0816725329454,231.8088970336128,2022-10-01
msl,228.0,persistence,5589,5589,692.1853755022922,309.3232527887148,484.77857215782234,2022-10-01
msl,234.0,FCN,5589,5589,382.1907279247665,-155.6624844998387,251.5303327652446,2022-10-01
msl,234.0,persistence,5589,5589,671.641532610635,327.339117304416,464.2447687537987,2022-10-01
msl,240.0,FCN,5589,5589,421.48206209629336,-198.234412736259,291.4522850371189,2022-10-01
msl,240.0,persistence,5589,5589,554.9798025838429,116.48396050301234,415.90410279019665,2022-10-01
t2m,6.0,FCN,5589,5589,0.7920297386213366,0.016292623424741613,0.5705179209534669,2022-10-01
t2m,6.0,persistence,5589,5589,3.88435476046981,-2.2992508304470833,2.667361562036833,2022-10-01
t2m,12.0,FCN,5589,5589,0.7693509068964982,0.015195758175471375,0.5682402382181201,2022-10-01
t2m,12.0,persistence,5589,5589,1.5501276292344661,-0.31594951750139855,1.0893475743439205,2022-10-01
t2m,18.0,FCN,5589,5589,0.7877630643410196,-0.12890893758332195,0.5935390167878624,2022-10-01
t2m,18.0,persistence,5589,5589,1.9934131964107615,1.4311693634102385,1.5244134126065907,2022-10-01
t2m,24.0,FCN,5589,5589,0.6928184068308947,-0.15256535556255454,0.5305845597961609,2022-10-01
t2m,24.0,persistence,5589,5589,1.3591336940429075,0.6772948206137629,1.0928866815766363,2022-10-01
t2m,30.0,FCN,5589,5589,1.2282151406650759,-0.24745681545206757,0.8432085231844221,2022-10-01
t2m,30.0,persistence,5589,5589,3.7643299839587243,-1.6932207956894676,2.579853445926888,2022-10-01
t2m,36.0,FCN,5589,5589,1.196978029758312,0.04119721051462906,0.8361236014597497,2022-10-01
t2m,36.0,persistence,5589,5589,1.77034106371291,0.1725679133412827,1.3542039749188193,2022-10-01
t2m,42.0,FCN,5589,5589,1.0104299606798306,-0.11080505946329579,0.7301488958171523,2022-10-01
t2m,42.0,persistence,5589,5589,2.806771343333242,1.8698021080096472,2.1479020010211745,2022-10-01
t2m,48.0,FCN,5589,5589,0.7524801302384935,-0.15150868041268786,0.5956568063189684,2022-10-01
t2m,48.0,persistence,5589,5589,1.879046104370833,1.0466166931864467,1.5287463523237403,2022-10-01
t2m,54.0,FCN,5589,5589,1.0160285349058331,-0.021762285447424205,0.7644820557223442,2022-10-01
t2m,54.0,persistence,5589,5589,3.305146827924539,-1.6952065282518156,2.4126108621196516,2022-10-01
t2m,60.0,FCN,5589,5589,1.0174465132751163,0.0869747616015424,0.7642855512382614,2022-10-01
t2m,60.0,persistence,5589,5589,1.7516253593735591,-0.12552750989608547,1.3321902806055113,2022-10-01
t2m,66.0,FCN,5589,5589,0.8684378916940098,-0.21047336929463895,0.6709208975245458,2022-10-01
t2m,66.0,persistence,5589,5589,3.3189853344933744,1.7290394924560084,2.4774375261589094,2022-10-01
t2m,72.0,FCN,5589,5589,0.8570535712416922,-0.3348427152162472,0.6767938211898321,2022-10-01
t2m,72.0,persistence,5589,5589,1.5090119286454098,-0.08696680051381857,1.1510080948516286,2022-10-01
t2m,78.0,FCN,5589,5589,1.0751490806633786,-0.11087534633235281,0.8059263451570173,2022-10-01
t2m,78.0,persistence,5589,5589,4.815245235883377,-3.522227689872958,3.624838580280146,2022-10-01
t2m,84.0,FCN,5589,5589,1.3043545764974975,0.24867817809350773,0.9540489685623994,2022-10-01
t2m,84.0,persistence,5589,5589,2.069268882265423,-1.0207358909539987,1.4588428081217633,2022-10-01
t2m,90.0,FCN,5589,5589,1.124337956464519,0.29426111075218525,0.8006101149098485,2022-10-01
t2m,90.0,persistence,5589,5589,2.4642123156019493,1.416525662679933,1.800007870067153,2022-10-01
t2m,96.0,FCN,5589,5589,0.8584524096440571,0.042568242050751055,0.6357621197097453,2022-10-01
t2m,96.0,persistence,5589,5589,2.4221550695853047,-0.38259517263719095,1.8950380294983216,2022-10-01
t2m,102.0,FCN,5589,5589,1.2070940382209419,0.13841086059776156,0.9260391621607987,2022-10-01
t2m,102.0,persistence,5589,5589,6.52910316257068,-3.11578721370489,4.6738863165851825,2022-10-01
t2m,108.0,FCN,5589,5589,1.3407288905919093,0.6439266485147936,0.9285734572837417,2022-10-01
t2m,108.0,persistence,5589,5589,3.2591442067589775,-0.12217365450698385,2.6039681885905432,2022-10-01
t2m,114.0,FCN,5589,5589,1.0590486064258464,0.38910202702438274,0.7866833938042256,2022-10-01
t2m,114.0,persistence,5589,5589,3.433304808717306,2.303687694786518,2.6469350816025816,2022-10-01
t2m,120.0,FCN,5589,5589,0.8969462022371716,0.4077527593145872,0.6825276139307463,2022-10-01
t2m,120.0,persistence,5589,5589,2.6092622275717994,1.3196437722967036,2.2169278379176953,2022-10-01
t2m,126.0,FCN,5589,5589,1.29559689649981,0.6796254667534559,0.938934791011875,2022-10-01
t2m,126.0,persistence,5589,5589,4.881759424624387,-1.7647496193231333,3.727792256862168,2022-10-01
t2m,132.0,FCN,5589,5589,1.7536410362181327,1.201837267464102,1.2711900323506062,2022-10-01
t2m,132.0,persistence,5589,5589,2.5854393478366684,0.45075567779914233,2.156523522186911,2022-10-01
t2m,138.0,FCN,5589,5589,1.4540092002352463,1.012215420986192,1.1028992528678312,2022-10-01
t2m,138.0,persistence,5589,5589,3.6050045539231514,2.6392206371983966,2.8489776231827353,2022-10-01
t2m,144.0,FCN,5589,5589,1.1285581158382063,0.7387837120451469,0.9013302214452173,2022-10-01
t2m,144.0,persistence,5589,5589,2.1607817780493064,0.6037140705223077,1.8838044372207992,2022-10-01
t2m,150.0,FCN,5589,5589,1.4779511718208027,0.8229698886427549,1.085957033492034,2022-10-01
t2m,150.0,persistence,5589,5589,5.120321220747598,-2.780173701453749,3.771472468856616,2022-10-01
t2m,156.0,FCN,5589,5589,1.9649640239856807,1.2118551873572858,1.3274504750111553,2022-10-01
t2m,156.0,persistence,5589,5589,2.6698879806254707,-0.5898666623161054,2.0292417720467406,2022-10-01
t2m,162.0,FCN,5589,5589,1.7163551853020866,1.0549134330464482,1.2340074572155613,2022-10-01
t2m,162.0,persistence,5589,5589,3.426979506677873,1.7245601785487943,2.4136816198091853,2022-10-01
t2m,168.0,FCN,5589,5589,1.1678571384776821,0.4861696713878972,0.8851499122827036,2022-10-01
t2m,168.0,persistence,5589,5589,2.0062780581784843,-0.7939201265416094,1.5472968226307204,2022-10-01
t2m,174.0,FCN,5589,5589,1.3881891838763456,0.40104910303642066,1.0579570290275666,2022-10-01
t2m,174.0,persistence,5589,5589,6.816922834530182,-4.720929213718323,4.918383824811642,2022-10-01
t2m,180.0,FCN,5589,5589,1.9288471085958931,1.3011431290860145,1.462004957088709,2022-10-01
t2m,180.0,persistence,5589,5589,2.9535259682747457,-1.6908261050312485,2.056902131487493,2022-10-01
t2m,186.0,FCN,5589,5589,2.241579218949444,1.3660522787122926,1.6032121142344142,2022-10-01
t2m,186.0,persistence,5589,5589,2.5451293172705443,0.7621057209852437,1.6214735264160671,2022-10-01
t2m,192.0,FCN,5589,5589,1.9203350175632352,0.8667135097592115,1.4095683466251578,2022-10-01
t2m,192.0,persistence,5589,5589,3.49169273368135,-1.7465933932169673,2.441871533666044,2022-10-01
t2m,198.0,FCN,5589,5589,1.4287597420889275,0.6064173838230256,1.0182393826024774,2022-10-01
t2m,198.0,persistence,5589,5589,8.66554334114411,-5.4658056721499655,5.863266023690973,2022-10-01
t2m,204.0,FCN,5589,5589,1.80310855419761,0.9690208012677811,1.2659297776537766,2022-10-01
t2m,204.0,persistence,5589,5589,4.496064895317448,-2.25140215120441,2.891848434213172,2022-10-01
t2m,210.0,FCN,5589,5589,1.7243588216934476,0.9777816268201879,1.233572524526412,2022-10-01
t2m,210.0,persistence,5589,5589,2.3752168094395825,0.3759731394966112,1.755894471452455,2022-10-01
t2m,216.0,FCN,5589,5589,1.0766027707734367,0.03997281592835908,0.8279076035507906,2022-10-01
t2m,216.0,persistence,5589,5589,3.9702166753402235,-0.9560693561226151,2.743359052633309,2022-10-01
t2m,222.0,FCN,5589,5589,1.4379265967575383,0.13203736346304165,1.0693114672063413,2022-10-01
t2m,222.0,persistence,5589,5589,7.447814267151324,-3.6801798110373487,4.9034095734820315,2022-10-01
t2m,228.0,FCN,5589,5589,1.3164919008800349,0.7107764238562184,1.0376749164415802,2022-10-01
t2m,228.0,persistence,5589,5589,4.1123720243884785,-1.1010097606212028,2.9393901210776168,2022-10-01
t2m,234.0,FCN,5589,5589,1.661318526150237,0.7357218664405265,1.2942664783967024,2022-10-01
t2m,234.0,persistence,5589,5589,3.405582770805729,1.4522312428194892,2.4643589761239117,2022-10-01
t2m,240.0,FCN,5589,5589,1.5456895019008854,1.1698450086306553,1.3426234945228817,2022-10-01
t2m,240.0,persistence,5589,5589,2.8718719189556468,0.48093369079950254,2.3298666377896704,2022-10-01
t850,6.0,FCN,5589,5589,0.569197994894625,-0.07822900118279087,0.44094576749834175,2022-10-01
t850,6.0,persistence,5589,5589,1.7545641454953973,0.010175750245941537,1.383181981766311,2022-10-01
t850,12.0,FCN,5589,5589,0.745133839455857,-0.1906680046471923,0.575703462842108,2022-10-01
t850,12.0,persistence,5589,5589,2.7378951244527334,0.39217994019607355,2.213634412987196,2022-10-01
t850,18.0,FCN,5589,5589,0.6943417167024637,-0.08382762610008318,0.5224474301772313,2022-10-01
t850,18.0,persistence,5589,5589,3.0578681719346195,1.3743763310417358,2.416394749342432,2022-10-01
t850,24.0,FCN,5589,5589,0.9589197455745464,-0.23408605731591772,0.6359494700878521,2022-10-01
t850,24.0,persistence,5589,5589,3.4033122245858216,1.7747360698929469,2.684142072468287,2022-10-01
t850,30.0,FCN,5589,5589,1.1024282897495652,-0.22927371103307168,0.7592329713827005,2022-10-01
t850,30.0,persistence,5589,5589,3.2858040391418246,1.2407631583033996,2.701160011739848,2022-10-01
t850,36.0,FCN,5589,5589,0.8092156085539255,0.013446521363761869,0.5868440436659099,2022-10-01
t850,36.0,persistence,5589,5589,3.2613717978004613,1.7655457004590625,2.758718118723742,2022-10-01
t850,42.0,FCN,5589,5589,0.8728717607857662,-0.08432352003540544,0.6334403036200095,2022-10-01
t850,42.0,persistence,5589,5589,3.566413592297625,2.4462627210896746,2.974388077922203,2022-10-01
t850,48.0,FCN,5589,5589,0.9697212774957183,-0.10581061056617636,0.7191424390366747,2022-10-01
t850,48.0,persistence,5589,5589,3.7261952693991263,2.762616357688115,3.1020559362225746,2022-10-01
t850,54.0,FCN,5589,5589,0.9639168093733333,-0.13861916618502795,0.7278014418275612,2022-10-01
t850,54.0,persistence,5589,5589,3.181895944044336,1.6257705797211872,2.65066136011308,2022-10-01
t850,60.0,FCN,5589,5589,1.2852299446251987,-0.02790877392571193,0.9592841863663133,2022-10-01
t850,60.0,persistence,5589,5589,3.210752575507482,1.27840358037356,2.663825886529816,2022-10-01
t850,66.0,FCN,5589,5589,1.5172285103255563,-0.18466922444465303,1.0774653140952477,2022-10-01
t850,66.0,persistence,5589,5589,3.1779894450809967,1.2960909149851518,2.5658263546247904,2022-10-01
t850,72.0,FCN,5589,5589,1.5189833604412748,-0.3240540707371557,1.1160568283873267,2022-10-01
t850,72.0,persistence,5589,5589,3.078693451503361,0.8846640262967868,2.4827812478983433,2022-10-01
t850,78.0,FCN,5589,5589,1.4992892887988518,-0.3572598443929705,1.081257001266523,2022-10-01
t850,78.0,persistence,5589,5589,3.1641592606804303,-0.8684441038450182,2.5237839349505844,2022-10-01
t850,84.0,FCN,5589,5589,1.22989903757737,-0.030333624645817937,0.8812916638520792,2022-10-01
t850,84.0,persistence,5589,5589,3.052887020527867,-1.2041745336480079,2.5834349445263696,2022-10-01
t850,90.0,FCN,5589,5589,1.0030437978842448,-0.03025616215926673,0.7750379481518493,2022-10-01
t850,90.0,persistence,5589,5589,2.859298696371256,-0.5691380945048403,2.4343071712794306,2022-10-01
t850,96.0,FCN,5589,5589,0.8778990466995095,-0.01232062366766921,0.6924645395038427,2022-10-01
t850,96.0,persistence,5589,5589,3.6392999042928538,0.37477351482011106,3.0918752951322044,2022-10-01
t850,102.0,FCN,5589,5589,0.9802807440887632,0.21306321707339224,0.778329024942242,2022-10-01
t850,102.0,persistence,5589,5589,4.631639957337396,0.39751122837514835,4.062155773889599,2022-10-01
t850,108.0,FCN,5589,5589,0.9229675811336426,0.199033282476288,0.7377668569129933,2022-10-01
t850,108.0,persistence,5589,5589,5.065303121748628,1.3227629717003064,4.361502204560633,2022-10-01
t850,114.0,FCN,5589,5589,1.0547827390969355,0.4059008901211949,0.8263937932920487,2022-10-01
t850,114.0,persistence,5589,5589,5.26330074299095,2.9614190838034733,4.4891775031256085,2022-10-01
t850,120.0,FCN,5589,5589,1.2702985683542711,0.655154951840408,0.9677240497972945,2022-10-01
t850,120.0,persistence,5589,5589,5.562765459446133,3.942651081435766,4.723116114770066,2022-10-01
t850,126.0,FCN,5589,5589,1.1010060898656733,0.4104873290576668,0.8112928968932903,2022-10-01
t850,126.0,persistence,5589,5589,4.751443397892266,2.513218993823771,4.032271353969684,2022-10-01
t850,132.0,FCN,5589,5589,1.137507253284836,0.6374578763656105,0.8731988883850728,2022-10-01
t850,132.0,persistence,5589,5589,4.812347149261223,2.303067640829487,4.112632679467743,2022-10-01
t850,138.0,FCN,5589,5589,1.1986345224773727,0.647985444972766,0.9291274355569368,2022-10-01
t850,138.0,persistence,5589,5589,4.689240227405845,2.715127715463868,3.8994410419445518,2022-10-01
t850,144.0,FCN,5589,5589,1.193076965934294,0.7660488509081858,0.9425910107549729,2022-10-01
t850,144.0,persistence,5589,5589,4.860654517324032,2.9822098324187256,4.111116053459361,2022-10-01
t850,150.0,FCN,5589,5589,1.294739668230383,0.5633836556665128,0.9503513910728275,2022-10-01
t850,150.0,persistence,5589,5589,4.295172977520458,1.2710086799857643,3.728702034456092,2022-10-01
t850,156.0,FCN,5589,5589,1.4492310756974545,0.37512483330299917,1.0779203845336387,2022-10-01
t850,156.0,persistence,5589,5589,4.018694133661793,0.4941943936459358,3.4820353634545578,2022-10-01
t850,162.0,FCN,5589,5589,1.3815090392375389,0.2120461684410657,1.066094728767659,2022-10-01
t850,162.0,persistence,5589,5589,3.6822368560514334,0.5647434017888857,3.160489819722838,2022-10-01
t850,168.0,FCN,5589,5589,1.3619121932494929,-0.12439740409418387,1.1298131346456624,2022-10-01
t850,168.0,persistence,5589,5589,3.5876823177597323,-0.03564114141568007,2.9728380440880042,2022-10-01
t850,174.0,FCN,5589,5589,1.3878419693355488,-0.06671327025252088,1.1587462225436795,2022-10-01
t850,174.0,persistence,5589,5589,4.007067178080328,-1.8743283514102451,3.3297627593488444,2022-10-01
t850,180.0,FCN,5589,5589,1.7627406180502592,0.4958426631256238,1.4557729228409448,2022-10-01
t850,180.0,persistence,5589,5589,4.3657005118311005,-2.5285753987887727,3.7648088207320245,2022-10-01
t850,186.0,FCN,5589,5589,1.8613264975909305,0.5196613763061709,1.4185843024216243,2022-10-01
t850,186.0,persistence,5589,5589,4.149394436549864,-2.7170241033332703,3.5804316718095004,2022-10-01
t850,192.0,FCN,5589,5589,1.996502016516441,0.7504943840174838,1.4812600002811651,2022-10-01
t850,192.0,persistence,5589,5589,4.309384744507879,-2.566899867777134,3.6485686636561745,2022-10-01
t850,198.0,FCN,5589,5589,1.9257146264593947,0.5788810281219284,1.4361138184161164,2022-10-01
t850,198.0,persistence,5589,5589,5.619001617780739,-3.406812282362407,4.528510823316863,2022-10-01
t850,204.0,FCN,5589,5589,1.8835789152446711,0.15556461492657106,1.455931178659235,2022-10-01
t850,204.0,persistence,5589,5589,5.743698122934371,-3.1707486690700906,4.608795992444634,2022-10-01
t850,210.0,FCN,5589,5589,2.0457781948292704,-0.8298498860850977,1.5072928733432351,2022-10-01
t850,210.0,persistence,5589,5589,5.138732477435736,-1.9954829386968647,4.275191589830513,2022-10-01
t850,216.0,FCN,5589,5589,2.1713417206680243,-1.4408065412812847,1.6566102471658908,2022-10-01
t850,216.0,persistence,5589,5589,4.767660048953918,-0.9126015763103769,4.13989328729086,2022-10-01
t850,222.0,FCN,5589,5589,1.558641489259535,-0.4019949377394803,1.2166387617032401,2022-10-01
t850,222.0,persistence,5589,5589,5.585156215807,-0.8670222667722458,4.619107763769491,2022-10-01
t850,228.0,FCN,5589,5589,2.0118403964821177,0.651501856124641,1.5525269097476524,2022-10-01
t850,228.0,persistence,5589,5589,5.719533099567086,0.017785484667860257,4.7907379394250915,2022-10-01
t850,234.0,FCN,5589,5589,2.6081125852104043,1.5475474467736583,1.9939658987720428,2022-10-01
t850,234.0,persistence,5589,5589,5.4497173633700005,1.385077495263798,4.607553855482669,2022-10-01
t850,240.0,FCN,5589,5589,2.9892396960125582,2.220383643858726,2.518335154006264,2022-10-01
t850,240.0,persistence,5589,5589,5.325632220793651,2.2387852017952157,4.44287827960608,2022-10-01
u10m,6.0,FCN,5589,5589,0.6413790912676031,-0.03397119547428805,0.4844103403492025,2022-10-01
u10m,6.0,persistence,5589,5589,2.5530587316749727,-0.37331681173881215,2.0400598652699564,2022-10-01
u10m,12.0,FCN,5589,5589,0.7808219711540585,0.053328254590111895,0.5788334510614858,2022-10-01
u10m,12.0,persistence,5589,5589,3.1837757514246756,0.7965847140006066,2.5465248278740567,2022-10-01
u10m,18.0,FCN,5589,5589,0.7095250070515814,0.05094979447199364,0.549884800967045,2022-10-01
u10m,18.0,persistence,5589,5589,3.309937728610273,1.6769589287180482,2.5960396059915385,2022-10-01
u10m,24.0,FCN,5589,5589,0.8835172789757183,-0.08966789840447616,0.6777429364000026,2022-10-01
u10m,24.0,persistence,5589,5589,3.4913712657403817,2.212433673575577,2.8316820883227605,2022-10-01
u10m,30.0,FCN,5589,5589,1.105256648125825,0.3876333200955412,0.8089906128017715,2022-10-01
u10m,30.0,persistence,5589,5589,3.487095117721923,1.1776000859650666,2.871270308750405,2022-10-01
u10m,36.0,FCN,5589,5589,1.0208094822277374,0.3636541967909392,0.7725351919674192,2022-10-01
u10m,36.0,persistence,5589,5589,3.437097948972957,1.2646635737293652,2.7599164224551016,2022-10-01
u10m,42.0,FCN,5589,5589,0.9848209480957136,0.17997172137715647,0.7377153976285182,2022-10-01
u10m,42.0,persistence,5589,5589,3.3750689977984285,1.5987123226251967,2.7147534845966605,2022-10-01
u10m,48.0,FCN,5589,5589,1.1947096643820152,-0.1082399607910814,0.839983645806405,2022-10-01
u10m,48.0,persistence,5589,5589,3.691473022353126,2.052963517617824,2.9913003840502275,2022-10-01
u10m,54.0,FCN,5589,5589,1.2938824142776042,0.4157848506682607,0.947480110888131,2022-10-01
u10m,54.0,persistence,5589,5589,3.443282658075547,0.4756262679867338,2.5299594601518125,2022-10-01
u10m,60.0,FCN,5589,5589,1.6440081207867063,0.6830878750713958,1.2468767059337558,2022-10-01
u10m,60.0,persistence,5589,5589,3.816095844781256,0.5265662122788731,2.7690157275962437,2022-10-01
u10m,66.0,FCN,5589,5589,1.7466585838903144,0.6824464917304637,1.2637858998200173,2022-10-01
u10m,66.0,persistence,5589,5589,3.8046274932931885,0.6824585434466724,2.7287036036082344,2022-10-01
u10m,72.0,FCN,5589,5589,1.8062009722806056,0.31590964794960263,1.3500636424199102,2022-10-01
u10m,72.0,persistence,5589,5589,4.597766975605459,0.26156982739276974,3.5958856298356836,2022-10-01
u10m,78.0,FCN,5589,5589,1.8987437672459766,0.5598819892301679,1.3613969326487885,2022-10-01
u10m,78.0,persistence,5589,5589,6.560380067021786,-3.461596332454856,5.344785141912438,2022-10-01
u10m,84.0,FCN,5589,5589,1.941030256419213,0.6033253834306819,1.4663613541038876,2022-10-01
u10m,84.0,persistence,5589,5589,7.3181446375264185,-3.8650943652547194,5.792700312076417,2022-10-01
u10m,90.0,FCN,5589,5589,1.5099643062316825,0.3115942140460499,1.0995075578962843,2022-10-01
u10m,90.0,persistence,5589,5589,7.402451918568642,-4.457127181068722,5.959372330451539,2022-10-01
u10m,96.0,FCN,5589,5589,1.737356036754576,0.5935480529664956,1.3401401485277362,2022-10-01
u10m,96.0,persistence,5589,5589,7.133741436196204,-4.742501835160609,6.048514757043943,2022-10-01
u10m,102.0,FCN,5589,5589,1.653987223375884,0.5568267865272075,1.294413277987735,2022-10-01
u10m,102.0,persistence,5589,5589,8.700670888129094,-7.449303265146888,7.6630993847296365,2022-10-01
u10m,108.0,FCN,5589,5589,1.604271150502394,0.5156180605394008,1.2310834066248841,2022-10-01
u10m,108.0,persistence,5589,5589,8.007692171225203,-6.462977027194635,6.681407658137231,2022-10-01
u10m,114.0,FCN,5589,5589,1.2708733262047058,0.1611965437108333,0.9165841901012399,2022-10-01
u10m,114.0,persistence,5589,5589,7.613347334065413,-5.5530009293089035,5.986162512432045,2022-10-01
u10m,120.0,FCN,5589,5589,1.2555583899733533,-0.34847424071955607,0.9692884065005213,2022-10-01
u10m,120.0,persistence,5589,5589,7.53222117253636,-4.44436619400564,5.951208276616417,2022-10-01
u10m,126.0,FCN,5589,5589,1.5144910310485762,-0.19486502276329043,1.1275452463320248,2022-10-01
u10m,126.0,persistence,5589,5589,7.437394832269092,-4.995317601232642,5.970112230613451,2022-10-01
u10m,132.0,FCN,5589,5589,1.4738823695586385,-0.2829496310520028,1.0040897017333599,2022-10-01
u10m,132.0,persistence,5589,5589,6.196927732381503,-4.381603816747473,5.034067907044002,2022-10-01
u10m,138.0,FCN,5589,5589,1.4191582622589438,-0.5998118607405587,1.0490846709453765,2022-10-01
u10m,138.0,persistence,5589,5589,5.846346340928556,-3.3063475935826196,4.54625304931317,2022-10-01
u10m,144.0,FCN,5589,5589,1.550344537217446,-0.8301449498719295,1.2567821742347092,2022-10-01
u10m,144.0,persistence,5589,5589,5.8629147824275805,-1.715963712586365,4.729976106810477,2022-10-01
u10m,150.0,FCN,5589,5589,1.9517212585583767,-0.7308010004102924,1.6165412881718355,2022-10-01
u10m,150.0,persistence,5589,5589,6.191043233917408,-3.3458981662744707,4.880373881318923,2022-10-01
u10m,156.0,FCN,5589,5589,2.405006609731881,-0.8773049672271767,1.859306679962513,2022-10-01
u10m,156.0,persistence,5589,5589,5.768056954926682,-2.9971692864259083,4.246019038223129,2022-10-01
u10m,162.0,FCN,5589,5589,2.6999231927386345,-1.3402506289542686,2.0237899069634295,2022-10-01
u10m,162.0,persistence,5589,5589,6.189314616209741,-2.097063754581856,4.485347960130172,2022-10-01
u10m,168.0,FCN,5589,5589,2.6141569679097953,-1.6042802005463308,1.950005720995543,2022-10-01
u10m,168.0,persistence,5589,5589,6.7734226025869555,-1.3183982356761885,5.116390964513597,2022-10-01
u10m,174.0,FCN,5589,5589,2.9994795645050507,-1.6569809119637147,2.379148175027598,2022-10-01
u10m,174.0,persistence,5589,5589,7.147562280764996,-3.7626173644454584,5.573739484785788,2022-10-01
u10m,180.0,FCN,5589,5589,3.2732004345203762,-1.8258989577075821,2.398634650298677,2022-10-01
u10m,180.0,persistence,5589,5589,6.729726508985881,-3.822701312792683,5.054729370545411,2022-10-01
u10m,186.0,FCN,5589,5589,3.4455278977069375,-1.9216059617710464,2.75732272319506,2022-10-01
u10m,186.0,persistence,5589,5589,7.295511803638754,-3.9042015962777303,5.173054803043889,2022-10-01
u10m,192.0,FCN,5589,5589,3.126518668409705,-0.8834879549766284,2.6784032262089683,2022-10-01
u10m,192.0,persistence,5589,5589,7.43420185049637,-3.78650554934212,5.623431140918224,2022-10-01
u10m,198.0,FCN,5589,5589,3.3863218558387103,0.7660565023269059,2.6720131019974667,2022-10-01
u10m,198.0,persistence,5589,5589,8.044128404274762,-5.87129075551946,6.821531139727585,2022-10-01
u10m,204.0,FCN,5589,5589,2.7505073417602475,1.1741375187062748,2.237467017030795,2022-10-01
u10m,204.0,persistence,5589,5589,7.492407592259927,-5.461360271540349,6.05971824541298,2022-10-01
u10m,210.0,FCN,5589,5589,2.4521469208965576,1.2963351934891454,2.035321967485989,2022-10-01
u10m,210.0,persistence,5589,5589,7.597692924104244,-5.610244473934716,6.066606006037385,2022-10-01
u10m,216.0,FCN,5589,5589,2.5158376124011235,1.0307187196020995,1.9583013610702282,2022-10-01
u10m,216.0,persistence,5589,5589,7.527366817160372,-5.590893606577023,6.1810393368198735,2022-10-01
u10m,222.0,FCN,5589,5589,2.4735318047198436,0.86752530305875,1.9139250685520381,2022-10-01
u10m,222.0,persistence,5589,5589,8.461330096834228,-6.85690072460866,7.35376803863476,2022-10-01
u10m,228.0,FCN,5589,5589,2.896855459794318,1.1510186008809944,2.2208134920059837,2022-10-01
u10m,228.0,persistence,5589,5589,7.027681063558656,-5.2973251426000205,5.670874159433207,2022-10-01
u10m,234.0,FCN,5589,5589,3.1083431544088267,1.1456180350745306,2.216224172604147,2022-10-01
u10m,234.0,persistence,5589,5589,6.048007960356757,-4.3725565858156035,4.742396053498413,2022-10-01
u10m,240.0,FCN,5589,5589,3.5722347073471683,1.5938094555459665,2.710884054127365,2022-10-01
u10m,240.0,persistence,5589,5589,5.07129797438439,-2.9696221238679144,3.9621897239636095,2022-10-01
v10m,6.0,FCN,5589,5589,0.6090526175313868,-0.024094309521082005,0.45736556953758695,2022-10-01
v10m,6.0,persistence,5589,5589,3.159105124741207,-1.56724155456586,2.226804433199424,2022-10-01
v10m,12.0,FCN,5589,5589,0.7737507622810033,0.06100533681666746,0.5617584272057683,2022-10-01
v10m,12.0,persistence,5589,5589,4.186670360877908,-1.9450002996878988,3.262847781311577,2022-10-01
v10m,18.0,FCN,5589,5589,0.7259891303735905,0.14323472537242204,0.5683365163404958,2022-10-01
v10m,18.0,persistence,5589,5589,4.248011687845437,-1.0629436594625006,3.344275405141381,2022-10-01
v10m,24.0,FCN,5589,5589,0.8774634560928016,-0.0071692975037186395,0.6840024478129986,2022-10-01
v10m,24.0,persistence,5589,5589,4.39018596074371,-0.6461899776829613,3.428159636494497,2022-10-01
v10m,30.0,FCN,5589,5589,0.8692858097608039,0.0830280084927471,0.6533483755539599,2022-10-01
v10m,30.0,persistence,5589,5589,4.858933967528303,-0.13547186275401052,3.978727552369732,2022-10-01
v10m,36.0,FCN,5589,5589,1.0396590610930443,0.22338094335761072,0.7413117892198711,2022-10-01
v10m,36.0,persistence,5589,5589,5.181985527417527,-0.36291959663790985,4.349514254480842,2022-10-01
v10m,42.0,FCN,5589,5589,1.0313960589741107,0.2338840690937818,0.6797250246313393,2022-10-01
v10m,42.0,persistence,5589,5589,5.825114586448743,0.546310421205934,4.701043562078569,2022-10-01
v10m,48.0,FCN,5589,5589,1.0694849013894896,-0.1509041472898003,0.7732241988193064,2022-10-01
v10m,48.0,persistence,5589,5589,6.9848115663656545,1.1015203719603952,5.626611948312846,2022-10-01
v10m,54.0,FCN,5589,5589,1.0311331119545406,-0.4309818810667789,0.8044245725587381,2022-10-01
v10m,54.0,persistence,5589,5589,7.686827259416865,1.982312744467649,5.998215227663446,2022-10-01
v10m,60.0,FCN,5589,5589,1.239067393654484,-0.27388978203402264,0.9274852811209418,2022-10-01
v10m,60.0,persistence,5589,5589,8.06173727972397,2.4988372113388926,6.072645210714086,2022-10-01
v10m,66.0,FCN,5589,5589,1.2510189117591561,0.23653018198891534,0.9351603821273192,2022-10-01
v10m,66.0,persistence,5589,5589,9.847111801523793,4.535855270126216,7.100570096374054,2022-10-01
v10m,72.0,FCN,5589,5589,1.3750813263620718,-0.07258961035249124,1.0494232897752003,2022-10-01
v10m,72.0,persistence,5589,5589,10.602410527749594,6.205326602915418,7.7996073185754815,2022-10-01
v10m,78.0,FCN,5589,5589,1.7252331992600243,-0.3325085844431872,1.1506481867365785,2022-10-01
v10m,78.0,persistence,5589,5589,10.454470507439337,6.482114961122301,7.473424455667786,2022-10-01
v10m,84.0,FCN,5589,5589,1.8981146672772684,-0.18980274844562522,1.3036273972282917,2022-10-01
v10m,84.0,persistence,5589,5589,8.111217751215506,4.26727818863226,5.312387313783014,2022-10-01
v10m,90.0,FCN,5589,5589,1.778910870745182,-0.3613983080181657,1.1643352688068178,2022-10-01
v10m,90.0,persistence,5589,5589,5.929879167805449,2.9096150896500954,3.8706734303329697,2022-10-01
v10m,96.0,FCN,5589,5589,1.7444534519832477,-0.6321772151466222,1.290238488868115,2022-10-01
v10m,96.0,persistence,5589,5589,4.107894915946095,1.6710582900690605,2.901929483940526,2022-10-01
v10m,102.0,FCN,5589,5589,1.8641593921104764,-0.6765533973739589,1.421307751748229,2022-10-01
v10m,102.0,persistence,5589,5589,3.5376174084036656,0.871564894292738,2.9064968393882578,2022-10-01
v10m,108.0,FCN,5589,5589,1.8513467729913287,-0.6204733495274802,1.4656876060310755,2022-10-01
v10m,108.0,persistence,5589,5589,4.002952445250777,-0.8157529477526774,3.353752231799839,2022-10-01
v10m,114.0,FCN,5589,5589,1.4440065657322425,-0.5241858408354316,1.1150283560021894,2022-10-01
v10m,114.0,persistence,5589,5589,4.015261190276095,-0.9741474755296141,3.3992212324438635,2022-10-01
v10m,120.0,FCN,5589,5589,1.4863087508865018,-0.4785424916660982,1.1885775539073105,2022-10-01
v10m,120.0,persistence,5589,5589,4.431469437544604,-1.1497164393073616,3.6876490507511743,2022-10-01
v10m,126.0,FCN,5589,5589,1.6464122051488257,-0.8954183018169176,1.3038178108544445,2022-10-01
v10m,126.0,persistence,5589,5589,4.239240366005777,-0.7842399567302181,3.532590874235294,2022-10-01
v10m,132.0,FCN,5589,5589,1.5813667720473394,-0.6478553100725525,1.1560442200221481,2022-10-01
v10m,132.0,persistence,5589,5589,4.845803760609481,-0.9685210773126061,4.0679573396133035,2022-10-01
v10m,138.0,FCN,5589,5589,1.246078255913246,-0.21916484153056356,0.9027464729759596,2022-10-01
v10m,138.0,persistence,5589,5589,5.635340702511345,-0.23805238745578353,4.677141005928724,2022-10-01
v10m,144.0,FCN,5589,5589,1.3938541192733829,-0.16257398004221452,1.0873663367137336,2022-10-01
v10m,144.0,persistence,5589,5589,6.028756063658161,0.725137549695618,4.862703589799263,2022-10-01
v10m,150.0,FCN,5589,5589,1.3323237770356582,-0.04406322499047376,1.0361628177534044,2022-10-01
v10m,150.0,persistence,5589,5589,7.1523498199722075,1.9233492305275233,5.40417730632842,2022-10-01
v10m,156.0,FCN,5589,5589,1.549670372036055,0.6279628797590194,1.159075818998615,2022-10-01
v10m,156.0,persistence,5589,5589,7.594868621214363,2.0286769976057673,5.587802285561545,2022-10-01
v10m,162.0,FCN,5589,5589,1.953166415910501,0.8262589399398156,1.4310043685041631,2022-10-01
v10m,162.0,persistence,5589,5589,8.198793095230721,3.5871647050102826,5.761091317784443,2022-10-01
v10m,168.0,FCN,5589,5589,2.591903316653592,0.4271554440066576,1.8945161997738609,2022-10-01
v10m,168.0,persistence,5589,5589,8.619586702149483,5.382113254800545,6.595438020255147,2022-10-01
v10m,174.0,FCN,5589,5589,2.8697645847588014,-0.18533860052505388,2.114582756591247,2022-10-01
v10m,174.0,persistence,5589,5589,8.092898578214953,5.68490654189061,6.400739888613521,2022-10-01
v10m,180.0,FCN,5589,5589,2.5101058880552083,-0.5218629262790299,1.9628758529980581,2022-10-01
v10m,180.0,persistence,5589,5589,7.260589120901021,4.119423529629581,5.445246905212099,2022-10-01
v10m,186.0,FCN,5589,5589,2.781342613747803,-1.278621783126203,2.0436576048852415,2022-10-01
v10m,186.0,persistence,5589,5589,7.3942739805258375,4.256209111923515,5.705856951333205,2022-10-01
v10m,192.0,FCN,5589,5589,3.625987822444851,-2.311616345590018,2.5853387042573157,2022-10-01
v10m,192.0,persistence,5589,5589,6.419001512215146,4.004577923373942,5.129824494401117,2022-10-01
v10m,198.0,FCN,5589,5589,3.2768786177009486,-2.044671967620707,2.443090749754503,2022-10-01
v10m,198.0,persistence,5589,5589,5.835595761301918,3.5945285342994544,4.782074267396044,2022-10-01
v10m,204.0,FCN,5589,5589,2.8510187682440384,-0.7523075053216922,1.9057945794458238,2022-10-01
v10m,204.0,persistence,5589,5589,4.913076309124551,1.6778160746664819,3.804162818386526,2022-10-01
v10m,210.0,FCN,5589,5589,2.44527433760918,0.1773986813500859,1.8529482478668842,2022-10-01
v10m,210.0,persistence,5589,5589,4.715827992754836,1.2292005763662772,3.5972269482864743,2022-10-01
v10m,216.0,FCN,5589,5589,3.0998618010119765,0.10577596605655165,2.244450418462327,2022-10-01
v10m,216.0,persistence,5589,5589,3.523840404275036,-0.0276477236050037,2.595222579825845,2022-10-01
v10m,222.0,FCN,5589,5589,3.6541870402797496,-0.8975704531071356,2.6929263542207993,2022-10-01
v10m,222.0,persistence,5589,5589,3.0754492452029214,-0.18625584495075131,2.342318778863715,2022-10-01
v10m,228.0,FCN,5589,5589,3.8667732184189885,-1.672625614699839,2.813101465497348,2022-10-01
v10m,228.0,persistence,5589,5589,3.341223097799141,-1.3098548860425019,2.5903902316980396,2022-10-01
v10m,234.0,FCN,5589,5589,4.16329583484538,-2.6332118830414344,3.0372463406349914,2022-10-01
v10m,234.0,persistence,5589,5589,4.019810400741197,-1.6816044557855705,3.2393739325083075,2022-10-01
v10m,240.0,FCN,5589,5589,4.201294052885331,-3.338534478877721,3.395192911457,2022-10-01
v10m,240.0,persistence,5589,5589,4.389396136996737,-2.114608469035544,3.5096014959726816,2022-10-01
z500,6.0,FCN,5589,5589,29.22726552826332,11.270514255009704,23.000808221847247,2022-10-01
z500,6.0,persistence,5589,5589,254.93360364344616,189.41356042552334,212.3918143588388,2022-10-01
z500,12.0,FCN,5589,5589,36.662864054777344,13.710815302222533,29.904575458255813,2022-10-01
z500,12.0,persistence,5589,5589,355.2074265556146,175.1704219385568,290.89141181567066,2022-10-01
z500,18.0,FCN,5589,5589,37.161651652300186,16.308297674020228,29.58502432264772,2022-10-01
z500,18.0,persistence,5589,5589,521.7938249304842,381.4939535462488,427.5352445166315,2022-10-01
z500,24.0,FCN,5589,5589,61.48719438307263,17.496569578392865,49.13688724908222,2022-10-01
z500,24.0,persistence,5589,5589,526.0204909222012,368.5851180373944,434.59299711080763,2022-10-01
z500,30.0,FCN,5589,5589,68.2337035366352,33.304224736604795,57.010370447882046,2022-10-01
z500,30.0,persistence,5589,5589,610.7539609989352,509.72086863253713,519.1196640472407,2022-10-01
z500,36.0,FCN,5589,5589,71.17878010512769,-21.955049972279493,52.855520361659416,2022-10-01
z500,36.0,persistence,5589,5589,485.4875994707457,376.68406515508116,406.1266457859367,2022-10-01
z500,42.0,FCN,5589,5589,81.94318495946561,24.416218099099748,61.3690885155061,2022-10-01
z500,42.0,persistence,5589,5589,623.6834347622446,542.63787601976,544.2489790271663,2022-10-01
z500,48.0,FCN,5589,5589,126.29364090286097,22.50077534531829,101.75726921759627,2022-10-01
z500,48.0,persistence,5589,5589,513.6670457399684,424.037003538116,435.4514408488713,2022-10-01
z500,54.0,FCN,5589,5589,146.96851014288822,71.44933328907055,114.20909861325158,2022-10-01
z500,54.0,persistence,5589,5589,532.4269063486099,466.0749562326977,466.0749562326977,2022-10-01
z500,60.0,FCN,5589,5589,150.3784420365685,69.71110298195325,122.62226323376062,2022-10-01
z500,60.0,persistence,5589,5589,371.70827564651466,270.0802521212535,279.23109557361147,2022-10-01
z500,66.0,FCN,5589,5589,172.4187020550205,84.71359858960912,137.8759033345772,2022-10-01
z500,66.0,persistence,5589,5589,436.4318441472667,321.007627948863,333.4125214772724,2022-10-01
z500,72.0,FCN,5589,5589,165.58476912870938,15.136889216958021,138.3290076523089,2022-10-01
z500,72.0,persistence,5589,5589,475.7373780594414,167.48681219741766,369.72536386781564,2022-10-01
z500,78.0,FCN,5589,5589,153.56483357496148,58.01670615941223,124.12843756423426,2022-10-01
z500,78.0,persistence,5589,5589,745.6892479065806,364.5482089741577,567.9101454206872,2022-10-01
z500,84.0,FCN,5589,5589,128.14228845973824,45.69839301728083,109.41676201025575,2022-10-01
z500,84.0,persistence,5589,5589,1004.6008695723383,437.63166180866904,779.0786073333152,2022-10-01
z500,90.0,FCN,5589,5589,130.48273380945335,29.899162762908865,113.69719696700383,2022-10-01
z500,90.0,persistence,5589,5589,1234.4213314601354,727.2603148174015,972.857292363431,2022-10-01
z500,96.0,FCN,5589,5589,136.66417249244435,-58.56605747631878,103.5728656741009,2022-10-01
z500,96.0,persistence,5589,5589,1325.4613419178065,760.35122536741,1087.971679862834,2022-10-01
z500,102.0,FCN,5589,5589,151.22589040861683,21.63955226097715,121.60320053197665,2022-10-01
z500,102.0,persistence,5589,5589,1454.9854233129704,962.3558752372594,1189.6851690531544,2022-10-01
z500,108.0,FCN,5589,5589,177.44965768855064,49.86556414383757,148.45350764334415,2022-10-01
z500,108.0,persistence,5589,5589,1401.231908321729,846.9665584535833,1141.0494937658145,2022-10-01
z500,114.0,FCN,5589,5589,218.3419934710008,171.2489343615828,185.05971090824625,2022-10-01
z500,114.0,persistence,5589,5589,1452.4547873416889,947.5520380967166,1126.269499332023,2022-10-01
z500,120.0,FCN,5589,5589,152.61770674468832,103.4528034132928,117.62661301655619,2022-10-01
z500,120.0,persistence,5589,5589,1241.1532313253888,655.2783041236186,945.4820613557606,2022-10-01
z500,126.0,FCN,5589,5589,196.79961899192375,132.7846520462523,135.37920307500602,2022-10-01
z500,126.0,persistence,5589,5589,1169.0974437616571,635.0445812172613,896.2813283925902,2022-10-01
z500,132.0,FCN,5589,5589,214.0865829383242,152.80403854561172,159.57667066202072,2022-10-01
z500,132.0,persistence,5589,5589,1065.5300854554005,479.6274028386368,879.2718581683015,2022-10-01
z500,138.0,FCN,5589,5589,265.2142142544503,215.75250865357225,220.97566641577225,2022-10-01
z500,138.0,persistence,5589,5589,1034.6381780932015,592.181969090307,842.0510940822292,2022-10-01
z500,144.0,FCN,5589,5589,202.45867510632712,110.51944459637086,141.08621989458263,2022-10-01
z500,144.0,persistence,5589,5589,855.3647003279198,326.78461731522026,709.0653682160556,2022-10-01
z500,150.0,FCN,5589,5589,148.83288075520622,71.98806884414529,95.97014655451838,2022-10-01
z500,150.0,persistence,5589,5589,731.466688733594,236.75360796033686,595.7226657697177,2022-10-01
z500,156.0,FCN,5589,5589,117.99470238822866,25.122327881292726,82.33563191164859,2022-10-01
z500,156.0,persistence,5589,5589,658.0744284929706,-14.528824349608575,559.6512668022511,2022-10-01
z500,162.0,FCN,5589,5589,204.2209457312629,104.99711710108353,152.05640237280684,2022-10-01
z500,162.0,persistence,5589,5589,655.7277025514917,72.15347454741203,566.2569607564711,2022-10-01
z500,168.0,FCN,5589,5589,245.17645283906663,116.36733322058744,186.99789310224634,2022-10-01
z500,168.0,persistence,5589,5589,746.4352292628464,-61.247086649759964,649.500559414797,2022-10-01
z500,174.0,FCN,5589,5589,285.3259377810077,182.61453122320148,211.45900583223383,2022-10-01
z500,174.0,persistence,5589,5589,787.6855303373063,37.94276434445237,676.3067975455031,2022-10-01
z500,180.0,FCN,5589,5589,317.1109994641221,195.98585985814393,238.8922056953599,2022-10-01
z500,180.0,persistence,5589,5589,892.420729823249,-28.16259934146627,764.5955360106649,2022-10-01
z500,186.0,FCN,5589,5589,338.62424170133045,164.42922649107865,255.15949351709054,2022-10-01
z500,186.0,persistence,5589,5589,1012.0566464247393,119.20340293947562,843.5489181288696,2022-10-01
z500,192.0,FCN,5589,5589,296.6913956993757,-10.723466956697463,245.84931452126398,2022-10-01
z500,192.0,persistence,5589,5589,1087.129362548044,33.524351659227214,927.1229350623962,2022-10-01
z500,198.0,FCN,5589,5589,350.3746736526914,-216.1613811774134,290.0882372407751,2022-10-01
z500,198.0,persistence,5589,5589,1096.6721043124705,147.26951696488868,930.669830207875,2022-10-01
z500,204.0,FCN,5589,5589,371.39262878443213,-309.6009371604247,328.02097998764725,2022-10-01
z500,204.0,persistence,5589,5589,1195.7935599568157,148.26548923460692,1028.6105548497023,2022-10-01
z500,210.0,FCN,5589,5589,311.7094076552685,-195.54055910226907,278.8228115698421,2022-10-01
z500,210.0,persistence,5589,5589,1327.6350003886794,419.60818757827036,1100.91553799625,2022-10-01
z500,216.0,FCN,5589,5589,251.46423327952743,-120.78851366845227,214.33994626383253,2022-10-01
z500,216.0,persistence,5589,5589,1326.6268558980491,375.2845827215909,1101.8638771122332,2022-10-01
z500,222.0,FCN,5589,5589,227.0650310483047,-41.34958349042755,181.42393390898428,2022-10-01
z500,222.0,persistence,5589,5589,1279.9103468224596,407.5414208922785,1027.8909162538978,2022-10-01
z500,228.0,FCN,5589,5589,280.76181001203815,73.28577755416926,204.42969211932692,2022-10-01
z500,228.0,persistence,5589,5589,1245.775876699625,321.11700770856186,1001.6553328574896,2022-10-01
z500,234.0,FCN,5589,5589,366.9745321773348,194.0747961779461,289.1635133444763,2022-10-01
z500,234.0,persistence,5589,5589,1233.5002181406894,510.4820957949627,982.9442197673945,2022-10-01
z500,240.0,FCN,5589,5589,460.71420223974144,249.75188830421786,380.0884325823363,2022-10-01
z500,240.0,persistence,5589,5589,1221.942307184806,512.6186871904149,1012.6786462886791,2022-10-01
