station,variable,units,lead_hours,n_expected,n_matched,n_missing,rmse,bias,mae,model,case
YPPH,msl,Pa,6.0,1,0,1,,,,FCN,2022-01-01
YPPH,msl,Pa,12.0,1,0,1,,,,FCN,2022-01-01
YPPH,msl,Pa,18.0,1,0,1,,,,FCN,2022-01-01
YPPH,msl,Pa,24.0,1,0,1,,,,FCN,2022-01-01
YPPH,msl,Pa,30.0,1,0,1,,,,FCN,2022-01-01
YPPH,msl,Pa,36.0,1,0,1,,,,FCN,2022-01-01
YPPH,msl,Pa,42.0,1,0,1,,,,FCN,2022-01-01
YPPH,msl,Pa,48.0,1,0,1,,,,FCN,2022-01-01
YPPH,msl,Pa,54.0,1,0,1,,,,FCN,2022-01-01
YPPH,msl,Pa,60.0,1,0,1,,,,FCN,2022-01-01
YPPH,msl,Pa,66.0,1,0,1,,,,FCN,2022-01-01
YPPH,msl,Pa,72.0,1,0,1,,,,FCN,2022-01-01
YPPH,msl,Pa,78.0,1,0,1,,,,FCN,2022-01-01
YPPH,msl,Pa,84.0,1,0,1,,,,FCN,2022-01-01
YPPH,msl,Pa,90.0,1,0,1,,,,FCN,2022-01-01
YPPH,msl,Pa,96.0,1,0,1,,,,FCN,2022-01-01
YPPH,msl,Pa,102.0,1,0,1,,,,FCN,2022-01-01
YPPH,msl,Pa,108.0,1,0,1,,,,FCN,2022-01-01
YPPH,msl,Pa,114.0,1,0,1,,,,FCN,2022-01-01
YPPH,msl,Pa,120.0,1,0,1,,,,FCN,2022-01-01
YPPH,msl,Pa,126.0,1,0,1,,,,FCN,2022-01-01
YPPH,msl,Pa,132.0,1,0,1,,,,FCN,2022-01-01
YPPH,msl,Pa,138.0,1,0,1,,,,FCN,2022-01-01
YPPH,msl,Pa,144.0,1,0,1,,,,FCN,2022-01-01
YPPH,msl,Pa,150.0,1,0,1,,,,FCN,2022-01-01
YPPH,msl,Pa,156.0,1,0,1,,,,FCN,2022-01-01
YPPH,msl,Pa,162.0,1,0,1,,,,FCN,2022-01-01
YPPH,msl,Pa,168.0,1,0,1,,,,FCN,2022-01-01
YPPH,msl,Pa,174.0,1,0,1,,,,FCN,2022-01-01
YPPH,msl,Pa,180.0,1,0,1,,,,FCN,2022-01-01
YPPH,msl,Pa,186.0,1,0,1,,,,FCN,2022-01-01
YPPH,msl,Pa,192.0,1,0,1,,,,FCN,2022-01-01
YPPH,msl,Pa,198.0,1,0,1,,,,FCN,2022-01-01
YPPH,msl,Pa,204.0,1,0,1,,,,FCN,2022-01-01
YPPH,msl,Pa,210.0,1,0,1,,,,FCN,2022-01-01
YPPH,msl,Pa,216.0,1,0,1,,,,FCN,2022-01-01
YPPH,msl,Pa,222.0,1,0,1,,,,FCN,2022-01-01
YPPH,msl,Pa,228.0,1,0,1,,,,FCN,2022-01-01
YPPH,msl,Pa,234.0,1,0,1,,,,FCN,2022-01-01
YPPH,msl,Pa,240.0,1,0,1,,,,FCN,2022-01-01
YPPH,t2m,K,6.0,1,1,0,1.8897705078125,-1.8897705078125,1.8897705078125,FCN,2022-01-01
YPPH,t2m,K,12.0,1,1,0,1.58941650390625,1.58941650390625,1.58941650390625,FCN,2022-01-01
YPPH,t2m,K,18.0,1,1,0,3.01580810546875,-3.01580810546875,3.01580810546875,FCN,2022-01-01
YPPH,t2m,K,24.0,1,1,0,0.26776123046875,0.26776123046875,0.26776123046875,FCN,2022-01-01
YPPH,t2m,K,30.0,1,1,0,1.645111083984375,-1.645111083984375,1.645111083984375,FCN,2022-01-01
YPPH,t2m,K,36.0,1,1,0,0.34698486328125,0.34698486328125,0.34698486328125,FCN,2022-01-01
YPPH,t2m,K,42.0,1,1,0,2.28253173828125,2.28253173828125,2.28253173828125,FCN,2022-01-01
YPPH,t2m,K,48.0,1,1,0,0.814727783203125,0.814727783203125,0.814727783203125,FCN,2022-01-01
YPPH,t2m,K,54.0,1,1,0,2.202362060546875,2.202362060546875,2.202362060546875,FCN,2022-01-01
YPPH,t2m,K,60.0,1,1,0,2.5252685546875,2.5252685546875,2.5252685546875,FCN,2022-01-01
YPPH,t2m,K,66.0,1,1,0,1.438751220703125,1.438751220703125,1.438751220703125,FCN,2022-01-01
YPPH,t2m,K,72.0,1,1,0,2.03515625,2.03515625,2.03515625,FCN,2022-01-01
YPPH,t2m,K,78.0,1,1,0,0.451080322265625,0.451080322265625,0.451080322265625,FCN,2022-01-01
YPPH,t2m,K,84.0,1,1,0,1.413604736328125,1.413604736328125,1.413604736328125,FCN,2022-01-01
YPPH,t2m,K,90.0,1,1,0,3.47125244140625,3.47125244140625,3.47125244140625,FCN,2022-01-01
YPPH,t2m,K,96.0,1,1,0,5.890533447265625,5.890533447265625,5.890533447265625,FCN,2022-01-01
YPPH,t2m,K,102.0,1,1,0,3.094390869140625,3.094390869140625,3.094390869140625,FCN,2022-01-01
YPPH,t2m,K,108.0,1,1,0,6.739776611328125,6.739776611328125,6.739776611328125,FCN,2022-01-01
YPPH,t2m,K,114.0,1,1,0,7.95330810546875,7.95330810546875,7.95330810546875,FCN,2022-01-01
YPPH,t2m,K,120.0,1,1,0,4.135711669921875,4.135711669921875,4.135711669921875,FCN,2022-01-01
YPPH,t2m,K,126.0,1,1,0,3.156890869140625,3.156890869140625,3.156890869140625,FCN,2022-01-01
YPPH,t2m,K,132.0,1,1,0,2.090789794921875,2.090789794921875,2.090789794921875,FCN,2022-01-01
YPPH,t2m,K,138.0,1,1,0,4.50360107421875,4.50360107421875,4.50360107421875,FCN,2022-01-01
YPPH,t2m,K,144.0,1,1,0,5.69366455078125,5.69366455078125,5.69366455078125,FCN,2022-01-01
YPPH,t2m,K,150.0,1,1,0,0.57281494140625,-0.57281494140625,0.57281494140625,FCN,2022-01-01
YPPH,t2m,K,156.0,1,1,0,0.40960693359375,0.40960693359375,0.40960693359375,FCN,2022-01-01
YPPH,t2m,K,162.0,1,1,0,1.58343505859375,1.58343505859375,1.58343505859375,FCN,2022-01-01
YPPH,t2m,K,168.0,1,1,0,2.66900634765625,2.66900634765625,2.66900634765625,FCN,2022-01-01
YPPH,t2m,K,174.0,1,1,0,4.4490966796875,4.4490966796875,4.4490966796875,FCN,2022-01-01
YPPH,t2m,K,180.0,1,1,0,3.618682861328125,3.618682861328125,3.618682861328125,FCN,2022-01-01
YPPH,t2m,K,186.0,1,1,0,3.27142333984375,3.27142333984375,3.27142333984375,FCN,2022-01-01
YPPH,t2m,K,192.0,1,1,0,4.527374267578125,4.527374267578125,4.527374267578125,FCN,2022-01-01
YPPH,t2m,K,198.0,1,1,0,5.474456787109375,5.474456787109375,5.474456787109375,FCN,2022-01-01
YPPH,t2m,K,204.0,1,1,0,5.926788330078125,5.926788330078125,5.926788330078125,FCN,2022-01-01
YPPH,t2m,K,210.0,1,1,0,2.561431884765625,2.561431884765625,2.561431884765625,FCN,2022-01-01
YPPH,t2m,K,216.0,1,1,0,1.928375244140625,1.928375244140625,1.928375244140625,FCN,2022-01-01
YPPH,t2m,K,222.0,1,1,0,0.580291748046875,-0.580291748046875,0.580291748046875,FCN,2022-01-01
YPPH,t2m,K,228.0,1,1,0,1.58795166015625,1.58795166015625,1.58795166015625,FCN,2022-01-01
YPPH,t2m,K,234.0,1,1,0,1.607421875,1.607421875,1.607421875,FCN,2022-01-01
YPPH,t2m,K,240.0,1,1,0,1.676422119140625,1.676422119140625,1.676422119140625,FCN,2022-01-01
YPPH,u10m,m s-1,6.0,1,1,0,7.945595175027847,-7.945595175027847,7.945595175027847,FCN,2022-01-01
YPPH,u10m,m s-1,12.0,1,1,0,1.6854265928268433,-1.6854265928268433,1.6854265928268433,FCN,2022-01-01
YPPH,u10m,m s-1,18.0,1,1,0,5.237916469573975,5.237916469573975,5.237916469573975,FCN,2022-01-01
YPPH,u10m,m s-1,24.0,1,1,0,2.183882713317871,2.183882713317871,2.183882713317871,FCN,2022-01-01
YPPH,u10m,m s-1,30.0,1,1,0,6.507409185171127,-6.507409185171127,6.507409185171127,FCN,2022-01-01
YPPH,u10m,m s-1,36.0,1,1,0,1.8017070293426514,-1.8017070293426514,1.8017070293426514,FCN,2022-01-01
YPPH,u10m,m s-1,42.0,1,1,0,4.655368983745575,-4.655368983745575,4.655368983745575,FCN,2022-01-01
YPPH,u10m,m s-1,48.0,1,1,0,3.1404186487197876,-3.1404186487197876,3.1404186487197876,FCN,2022-01-01
YPPH,u10m,m s-1,54.0,1,1,0,4.211290240287781,-4.211290240287781,4.211290240287781,FCN,2022-01-01
YPPH,u10m,m s-1,60.0,1,1,0,2.361595332622528,-2.361595332622528,2.361595332622528,FCN,2022-01-01
YPPH,u10m,m s-1,66.0,1,1,0,2.6733345985412598,-2.6733345985412598,2.6733345985412598,FCN,2022-01-01
YPPH,u10m,m s-1,72.0,1,1,0,2.270481824874878,-2.270481824874878,2.270481824874878,FCN,2022-01-01
YPPH,u10m,m s-1,78.0,1,1,0,2.050482511520385,-2.050482511520385,2.050482511520385,FCN,2022-01-01
YPPH,u10m,m s-1,84.0,1,1,0,0.09467220306396484,0.09467220306396484,0.09467220306396484,FCN,2022-01-01
YPPH,u10m,m s-1,90.0,1,1,0,0.32016563415527344,-0.32016563415527344,0.32016563415527344,FCN,2022-01-01
YPPH,u10m,m s-1,96.0,1,1,0,0.12728071212768555,-0.12728071212768555,0.12728071212768555,FCN,2022-01-01
YPPH,u10m,m s-1,102.0,1,1,0,2.324788451194763,2.324788451194763,2.324788451194763,FCN,2022-01-01
YPPH,u10m,m s-1,108.0,1,1,0,3.0488930344581604,-3.0488930344581604,3.0488930344581604,FCN,2022-01-01
YPPH,u10m,m s-1,114.0,1,1,0,5.902891963720322,-5.902891963720322,5.902891963720322,FCN,2022-01-01
YPPH,u10m,m s-1,120.0,1,1,0,3.5214173793792725,-3.5214173793792725,3.5214173793792725,FCN,2022-01-01
YPPH,u10m,m s-1,126.0,1,1,0,6.475299715995789,-6.475299715995789,6.475299715995789,FCN,2022-01-01
YPPH,u10m,m s-1,132.0,1,1,0,1.4910404682159424,-1.4910404682159424,1.4910404682159424,FCN,2022-01-01
YPPH,u10m,m s-1,138.0,1,1,0,4.921889126300812,-4.921889126300812,4.921889126300812,FCN,2022-01-01
YPPH,u10m,m s-1,144.0,1,1,0,2.244290828704834,2.244290828704834,2.244290828704834,FCN,2022-01-01
YPPH,u10m,m s-1,150.0,1,1,0,1.1445822715759277,1.1445822715759277,1.1445822715759277,FCN,2022-01-01
YPPH,u10m,m s-1,156.0,1,1,0,1.5629395246505737,-1.5629395246505737,1.5629395246505737,FCN,2022-01-01
YPPH,u10m,m s-1,162.0,1,1,0,1.4430830478668213,1.4430830478668213,1.4430830478668213,FCN,2022-01-01
YPPH,u10m,m s-1,168.0,1,1,0,4.8703212440013885,4.8703212440013885,4.8703212440013885,FCN,2022-01-01
YPPH,u10m,m s-1,174.0,1,1,0,3.429431438446045,-3.429431438446045,3.429431438446045,FCN,2022-01-01
YPPH,u10m,m s-1,180.0,1,1,0,1.5060279369354248,-1.5060279369354248,1.5060279369354248,FCN,2022-01-01
YPPH,u10m,m s-1,186.0,1,1,0,1.2097976207733154,-1.2097976207733154,1.2097976207733154,FCN,2022-01-01
YPPH,u10m,m s-1,192.0,1,1,0,0.5475736260414124,0.5475736260414124,0.5475736260414124,FCN,2022-01-01
YPPH,u10m,m s-1,198.0,1,1,0,2.941307783126831,-2.941307783126831,2.941307783126831,FCN,2022-01-01
YPPH,u10m,m s-1,204.0,1,1,0,0.22943377494812012,0.22943377494812012,0.22943377494812012,FCN,2022-01-01
YPPH,u10m,m s-1,210.0,1,1,0,2.0808866024017334,2.0808866024017334,2.0808866024017334,FCN,2022-01-01
YPPH,u10m,m s-1,216.0,1,1,0,5.405071973800659,5.405071973800659,5.405071973800659,FCN,2022-01-01
YPPH,u10m,m s-1,222.0,1,1,0,6.1973183155059814,6.1973183155059814,6.1973183155059814,FCN,2022-01-01
YPPH,u10m,m s-1,228.0,1,1,0,5.534315586090088,5.534315586090088,5.534315586090088,FCN,2022-01-01
YPPH,u10m,m s-1,234.0,1,1,0,1.3863375186920166,-1.3863375186920166,1.3863375186920166,FCN,2022-01-01
YPPH,u10m,m s-1,240.0,1,1,0,4.279812812805176,4.279812812805176,4.279812812805176,FCN,2022-01-01
YPPH,v10m,m s-1,6.0,1,1,0,3.75218892097473,3.75218892097473,3.75218892097473,FCN,2022-01-01
YPPH,v10m,m s-1,12.0,1,1,0,1.1094584465026855,-1.1094584465026855,1.1094584465026855,FCN,2022-01-01
YPPH,v10m,m s-1,18.0,1,1,0,1.501560926437378,-1.501560926437378,1.501560926437378,FCN,2022-01-01
YPPH,v10m,m s-1,24.0,1,1,0,1.7698400020599365,1.7698400020599365,1.7698400020599365,FCN,2022-01-01
YPPH,v10m,m s-1,30.0,1,1,0,0.7799670696258545,0.7799670696258545,0.7799670696258545,FCN,2022-01-01
YPPH,v10m,m s-1,36.0,1,1,0,1.7913551330566406,-1.7913551330566406,1.7913551330566406,FCN,2022-01-01
YPPH,v10m,m s-1,42.0,1,1,0,3.671467661857605,3.671467661857605,3.671467661857605,FCN,2022-01-01
YPPH,v10m,m s-1,48.0,1,1,0,0.35042834281921387,0.35042834281921387,0.35042834281921387,FCN,2022-01-01
YPPH,v10m,m s-1,54.0,1,1,0,1.6129117012023926,-1.6129117012023926,1.6129117012023926,FCN,2022-01-01
YPPH,v10m,m s-1,60.0,1,1,0,0.8325135707855225,0.8325135707855225,0.8325135707855225,FCN,2022-01-01
YPPH,v10m,m s-1,66.0,1,1,0,0.5402815341949463,-0.5402815341949463,0.5402815341949463,FCN,2022-01-01
YPPH,v10m,m s-1,72.0,1,1,0,1.4048504829406738,-1.4048504829406738,1.4048504829406738,FCN,2022-01-01
YPPH,v10m,m s-1,78.0,1,1,0,3.545193672180176,-3.545193672180176,3.545193672180176,FCN,2022-01-01
YPPH,v10m,m s-1,84.0,1,1,0,1.1379990577697754,-1.1379990577697754,1.1379990577697754,FCN,2022-01-01
YPPH,v10m,m s-1,90.0,1,1,0,0.4748150110244751,0.4748150110244751,0.4748150110244751,FCN,2022-01-01
YPPH,v10m,m s-1,96.0,1,1,0,0.2171146720647808,-0.2171146720647808,0.2171146720647808,FCN,2022-01-01
YPPH,v10m,m s-1,102.0,1,1,0,1.5527434349060059,-1.5527434349060059,1.5527434349060059,FCN,2022-01-01
YPPH,v10m,m s-1,108.0,1,1,0,0.10886621475219727,-0.10886621475219727,0.10886621475219727,FCN,2022-01-01
YPPH,v10m,m s-1,114.0,1,1,0,2.310812786221504,-2.310812786221504,2.310812786221504,FCN,2022-01-01
YPPH,v10m,m s-1,120.0,1,1,0,1.727971613407135,-1.727971613407135,1.727971613407135,FCN,2022-01-01
YPPH,v10m,m s-1,126.0,1,1,0,0.6063430905342102,-0.6063430905342102,0.6063430905342102,FCN,2022-01-01
YPPH,v10m,m s-1,132.0,1,1,0,0.4702425003051758,-0.4702425003051758,0.4702425003051758,FCN,2022-01-01
YPPH,v10m,m s-1,138.0,1,1,0,1.8726296126842499,-1.8726296126842499,1.8726296126842499,FCN,2022-01-01
YPPH,v10m,m s-1,144.0,1,1,0,2.6061048507690425,-2.6061048507690425,2.6061048507690425,FCN,2022-01-01
YPPH,v10m,m s-1,150.0,1,1,0,5.122917890548706,-5.122917890548706,5.122917890548706,FCN,2022-01-01
YPPH,v10m,m s-1,156.0,1,1,0,4.386125802993774,-4.386125802993774,4.386125802993774,FCN,2022-01-01
YPPH,v10m,m s-1,162.0,1,1,0,2.19498211145401,-2.19498211145401,2.19498211145401,FCN,2022-01-01
YPPH,v10m,m s-1,168.0,1,1,0,2.2219801545143127,-2.2219801545143127,2.2219801545143127,FCN,2022-01-01
YPPH,v10m,m s-1,174.0,1,1,0,4.1133527755737305,-4.1133527755737305,4.1133527755737305,FCN,2022-01-01
YPPH,v10m,m s-1,180.0,1,1,0,4.347313761711121,-4.347313761711121,4.347313761711121,FCN,2022-01-01
YPPH,v10m,m s-1,186.0,1,1,0,5.841263711452484,-5.841263711452484,5.841263711452484,FCN,2022-01-01
YPPH,v10m,m s-1,192.0,1,1,0,2.4283254146575928,-2.4283254146575928,2.4283254146575928,FCN,2022-01-01
YPPH,v10m,m s-1,198.0,1,1,0,1.578770637512207,-1.578770637512207,1.578770637512207,FCN,2022-01-01
YPPH,v10m,m s-1,204.0,1,1,0,1.0680274963378906,-1.0680274963378906,1.0680274963378906,FCN,2022-01-01
YPPH,v10m,m s-1,210.0,1,1,0,1.6292349100112915,1.6292349100112915,1.6292349100112915,FCN,2022-01-01
YPPH,v10m,m s-1,216.0,1,1,0,3.2188766002655034,3.2188766002655034,3.2188766002655034,FCN,2022-01-01
YPPH,v10m,m s-1,222.0,1,1,0,1.4471262693405151,1.4471262693405151,1.4471262693405151,FCN,2022-01-01
YPPH,v10m,m s-1,228.0,1,1,0,0.7006807327270508,-0.7006807327270508,0.7006807327270508,FCN,2022-01-01
YPPH,v10m,m s-1,234.0,1,1,0,2.126435935497284,2.126435935497284,2.126435935497284,FCN,2022-01-01
YPPH,v10m,m s-1,240.0,1,1,0,2.4948799610137944,2.4948799610137944,2.4948799610137944,FCN,2022-01-01
YPPH,ws10m,m s-1,6.0,1,1,0,3.957493543624878,-3.957493543624878,3.957493543624878,FCN,2022-01-01
YPPH,ws10m,m s-1,12.0,1,1,0,1.6987619400024414,-1.6987619400024414,1.6987619400024414,FCN,2022-01-01
YPPH,ws10m,m s-1,18.0,1,1,0,5.422128200531006,-5.422128200531006,5.422128200531006,FCN,2022-01-01
YPPH,ws10m,m s-1,24.0,1,1,0,2.2840828895568848,-2.2840828895568848,2.2840828895568848,FCN,2022-01-01
YPPH,ws10m,m s-1,30.0,1,1,0,4.7448883056640625,-4.7448883056640625,4.7448883056640625,FCN,2022-01-01
YPPH,ws10m,m s-1,36.0,1,1,0,2.405937671661377,-2.405937671661377,2.405937671661377,FCN,2022-01-01
YPPH,ws10m,m s-1,42.0,1,1,0,2.2590293884277344,2.2590293884277344,2.2590293884277344,FCN,2022-01-01
YPPH,ws10m,m s-1,48.0,1,1,0,2.983009457588196,2.983009457588196,2.983009457588196,FCN,2022-01-01
YPPH,ws10m,m s-1,54.0,1,1,0,3.915086507797241,-3.915086507797241,3.915086507797241,FCN,2022-01-01
YPPH,ws10m,m s-1,60.0,1,1,0,0.2077951431274414,-0.2077951431274414,0.2077951431274414,FCN,2022-01-01
YPPH,ws10m,m s-1,66.0,1,1,0,2.0791444778442383,2.0791444778442383,2.0791444778442383,FCN,2022-01-01
YPPH,ws10m,m s-1,72.0,1,1,0,1.3957328796386719,1.3957328796386719,1.3957328796386719,FCN,2022-01-01
YPPH,ws10m,m s-1,78.0,1,1,0,2.7140300273895264,-2.7140300273895264,2.7140300273895264,FCN,2022-01-01
YPPH,ws10m,m s-1,84.0,1,1,0,0.8868942260742188,-0.8868942260742188,0.8868942260742188,FCN,2022-01-01
YPPH,ws10m,m s-1,90.0,1,1,0,0.4106559753417969,0.4106559753417969,0.4106559753417969,FCN,2022-01-01
YPPH,ws10m,m s-1,96.0,1,1,0,0.13102054595947266,0.13102054595947266,0.13102054595947266,FCN,2022-01-01
YPPH,ws10m,m s-1,102.0,1,1,0,2.7242669463157654,-2.7242669463157654,2.7242669463157654,FCN,2022-01-01
YPPH,ws10m,m s-1,108.0,1,1,0,1.8244569301605225,-1.8244569301605225,1.8244569301605225,FCN,2022-01-01
YPPH,ws10m,m s-1,114.0,1,1,0,2.8885385990142822,2.8885385990142822,2.8885385990142822,FCN,2022-01-01
YPPH,ws10m,m s-1,120.0,1,1,0,3.914792060852051,3.914792060852051,3.914792060852051,FCN,2022-01-01
YPPH,ws10m,m s-1,126.0,1,1,0,6.374314904212952,-6.374314904212952,6.374314904212952,FCN,2022-01-01
YPPH,ws10m,m s-1,132.0,1,1,0,1.4022269248962402,-1.4022269248962402,1.4022269248962402,FCN,2022-01-01
YPPH,ws10m,m s-1,138.0,1,1,0,3.5682454109191895,3.5682454109191895,3.5682454109191895,FCN,2022-01-01
YPPH,ws10m,m s-1,144.0,1,1,0,1.7413973808288574,-1.7413973808288574,1.7413973808288574,FCN,2022-01-01
YPPH,ws10m,m s-1,150.0,1,1,0,1.638798713684082,-1.638798713684082,1.638798713684082,FCN,2022-01-01
YPPH,ws10m,m s-1,156.0,1,1,0,4.418931722640991,-4.418931722640991,4.418931722640991,FCN,2022-01-01
YPPH,ws10m,m s-1,162.0,1,1,0,1.5666193962097168,-1.5666193962097168,1.5666193962097168,FCN,2022-01-01
YPPH,ws10m,m s-1,168.0,1,1,0,2.022980213165283,-2.022980213165283,2.022980213165283,FCN,2022-01-01
YPPH,ws10m,m s-1,174.0,1,1,0,4.641049861907959,-4.641049861907959,4.641049861907959,FCN,2022-01-01
YPPH,ws10m,m s-1,180.0,1,1,0,3.969770908355713,-3.969770908355713,3.969770908355713,FCN,2022-01-01
YPPH,ws10m,m s-1,186.0,1,1,0,4.937640905380249,-4.937640905380249,4.937640905380249,FCN,2022-01-01
YPPH,ws10m,m s-1,192.0,1,1,0,2.161738395690918,-2.161738395690918,2.161738395690918,FCN,2022-01-01
YPPH,ws10m,m s-1,198.0,1,1,0,3.225788116455078,-3.225788116455078,3.225788116455078,FCN,2022-01-01
YPPH,ws10m,m s-1,204.0,1,1,0,0.7604022026062012,-0.7604022026062012,0.7604022026062012,FCN,2022-01-01
YPPH,ws10m,m s-1,210.0,1,1,0,0.7781796455383301,-0.7781796455383301,0.7781796455383301,FCN,2022-01-01
YPPH,ws10m,m s-1,216.0,1,1,0,3.5156331062316895,-3.5156331062316895,3.5156331062316895,FCN,2022-01-01
YPPH,ws10m,m s-1,222.0,1,1,0,0.43069028854370117,-0.43069028854370117,0.43069028854370117,FCN,2022-01-01
YPPH,ws10m,m s-1,228.0,1,1,0,0.8031508922576904,-0.8031508922576904,0.8031508922576904,FCN,2022-01-01
YPPH,ws10m,m s-1,234.0,1,1,0,2.27579665184021,2.27579665184021,2.27579665184021,FCN,2022-01-01
YPPH,ws10m,m s-1,240.0,1,1,0,3.5580825805664062,-3.5580825805664062,3.5580825805664062,FCN,2022-01-01
YPPH,msl,Pa,6.0,1,0,1,,,,persistence,2022-01-01
YPPH,msl,Pa,12.0,1,0,1,,,,persistence,2022-01-01
YPPH,msl,Pa,18.0,1,0,1,,,,persistence,2022-01-01
YPPH,msl,Pa,24.0,1,0,1,,,,persistence,2022-01-01
YPPH,msl,Pa,30.0,1,0,1,,,,persistence,2022-01-01
YPPH,msl,Pa,36.0,1,0,1,,,,persistence,2022-01-01
YPPH,msl,Pa,42.0,1,0,1,,,,persistence,2022-01-01
YPPH,msl,Pa,48.0,1,0,1,,,,persistence,2022-01-01
YPPH,msl,Pa,54.0,1,0,1,,,,persistence,2022-01-01
YPPH,msl,Pa,60.0,1,0,1,,,,persistence,2022-01-01
YPPH,msl,Pa,66.0,1,0,1,,,,persistence,2022-01-01
YPPH,msl,Pa,72.0,1,0,1,,,,persistence,2022-01-01
YPPH,msl,Pa,78.0,1,0,1,,,,persistence,2022-01-01
YPPH,msl,Pa,84.0,1,0,1,,,,persistence,2022-01-01
YPPH,msl,Pa,90.0,1,0,1,,,,persistence,2022-01-01
YPPH,msl,Pa,96.0,1,0,1,,,,persistence,2022-01-01
YPPH,msl,Pa,102.0,1,0,1,,,,persistence,2022-01-01
YPPH,msl,Pa,108.0,1,0,1,,,,persistence,2022-01-01
YPPH,msl,Pa,114.0,1,0,1,,,,persistence,2022-01-01
YPPH,msl,Pa,120.0,1,0,1,,,,persistence,2022-01-01
YPPH,msl,Pa,126.0,1,0,1,,,,persistence,2022-01-01
YPPH,msl,Pa,132.0,1,0,1,,,,persistence,2022-01-01
YPPH,msl,Pa,138.0,1,0,1,,,,persistence,2022-01-01
YPPH,msl,Pa,144.0,1,0,1,,,,persistence,2022-01-01
YPPH,msl,Pa,150.0,1,0,1,,,,persistence,2022-01-01
YPPH,msl,Pa,156.0,1,0,1,,,,persistence,2022-01-01
YPPH,msl,Pa,162.0,1,0,1,,,,persistence,2022-01-01
YPPH,msl,Pa,168.0,1,0,1,,,,persistence,2022-01-01
YPPH,msl,Pa,174.0,1,0,1,,,,persistence,2022-01-01
YPPH,msl,Pa,180.0,1,0,1,,,,persistence,2022-01-01
YPPH,msl,Pa,186.0,1,0,1,,,,persistence,2022-01-01
YPPH,msl,Pa,192.0,1,0,1,,,,persistence,2022-01-01
YPPH,msl,Pa,198.0,1,0,1,,,,persistence,2022-01-01
YPPH,msl,Pa,204.0,1,0,1,,,,persistence,2022-01-01
YPPH,msl,Pa,210.0,1,0,1,,,,persistence,2022-01-01
YPPH,msl,Pa,216.0,1,0,1,,,,persistence,2022-01-01
YPPH,msl,Pa,222.0,1,0,1,,,,persistence,2022-01-01
YPPH,msl,Pa,228.0,1,0,1,,,,persistence,2022-01-01
YPPH,msl,Pa,234.0,1,0,1,,,,persistence,2022-01-01
YPPH,msl,Pa,240.0,1,0,1,,,,persistence,2022-01-01
YPPH,t2m,K,6.0,1,1,0,7.0,-7.0,7.0,persistence,2022-01-01
YPPH,t2m,K,12.0,1,1,0,1.0,-1.0,1.0,persistence,2022-01-01
YPPH,t2m,K,18.0,1,1,0,1.0,1.0,1.0,persistence,2022-01-01
YPPH,t2m,K,24.0,1,1,0,0.0,0.0,0.0,persistence,2022-01-01
YPPH,t2m,K,30.0,1,1,0,11.0,-11.0,11.0,persistence,2022-01-01
YPPH,t2m,K,36.0,1,1,0,5.0,-5.0,5.0,persistence,2022-01-01
YPPH,t2m,K,42.0,1,1,0,3.0,3.0,3.0,persistence,2022-01-01
YPPH,t2m,K,48.0,1,1,0,3.0,-3.0,3.0,persistence,2022-01-01
YPPH,t2m,K,54.0,1,1,0,11.0,-11.0,11.0,persistence,2022-01-01
YPPH,t2m,K,60.0,1,1,0,6.0,-6.0,6.0,persistence,2022-01-01
YPPH,t2m,K,66.0,1,1,0,1.0,1.0,1.0,persistence,2022-01-01
YPPH,t2m,K,72.0,1,1,0,2.0,-2.0,2.0,persistence,2022-01-01
YPPH,t2m,K,78.0,1,1,0,14.0,-14.0,14.0,persistence,2022-01-01
YPPH,t2m,K,84.0,1,1,0,9.0,-9.0,9.0,persistence,2022-01-01
YPPH,t2m,K,90.0,1,1,0,1.0,1.0,1.0,persistence,2022-01-01
YPPH,t2m,K,96.0,1,1,0,1.0,-1.0,1.0,persistence,2022-01-01
YPPH,t2m,K,102.0,1,1,0,14.0,-14.0,14.0,persistence,2022-01-01
YPPH,t2m,K,108.0,1,1,0,5.0,-5.0,5.0,persistence,2022-01-01
YPPH,t2m,K,114.0,1,1,0,2.0,2.0,2.0,persistence,2022-01-01
YPPH,t2m,K,120.0,1,1,0,5.0,-5.0,5.0,persistence,2022-01-01
YPPH,t2m,K,126.0,1,1,0,14.0,-14.0,14.0,persistence,2022-01-01
YPPH,t2m,K,132.0,1,1,0,9.0,-9.0,9.0,persistence,2022-01-01
YPPH,t2m,K,138.0,1,1,0,2.0,-2.0,2.0,persistence,2022-01-01
YPPH,t2m,K,144.0,1,1,0,3.0,-3.0,3.0,persistence,2022-01-01
YPPH,t2m,K,150.0,1,1,0,17.0,-17.0,17.0,persistence,2022-01-01
YPPH,t2m,K,156.0,1,1,0,10.0,-10.0,10.0,persistence,2022-01-01
YPPH,t2m,K,162.0,1,1,0,4.0,-4.0,4.0,persistence,2022-01-01
YPPH,t2m,K,168.0,1,1,0,5.0,-5.0,5.0,persistence,2022-01-01
YPPH,t2m,K,174.0,1,1,0,8.0,-8.0,8.0,persistence,2022-01-01
YPPH,t2m,K,180.0,1,1,0,2.0,-2.0,2.0,persistence,2022-01-01
YPPH,t2m,K,186.0,1,1,0,3.0,3.0,3.0,persistence,2022-01-01
YPPH,t2m,K,192.0,1,1,0,1.0,1.0,1.0,persistence,2022-01-01
YPPH,t2m,K,198.0,1,1,0,4.0,-4.0,4.0,persistence,2022-01-01
YPPH,t2m,K,204.0,1,1,0,0.0,0.0,0.0,persistence,2022-01-01
YPPH,t2m,K,210.0,1,1,0,3.0,3.0,3.0,persistence,2022-01-01
YPPH,t2m,K,216.0,1,1,0,1.0,1.0,1.0,persistence,2022-01-01
YPPH,t2m,K,222.0,1,1,0,8.0,-8.0,8.0,persistence,2022-01-01
YPPH,t2m,K,228.0,1,1,0,3.0,-3.0,3.0,persistence,2022-01-01
YPPH,t2m,K,234.0,1,1,0,2.0,2.0,2.0,persistence,2022-01-01
YPPH,t2m,K,240.0,1,1,0,0.0,0.0,0.0,persistence,2022-01-01
YPPH,u10m,m s-1,6.0,1,1,0,11.68479871749878,-11.68479871749878,11.68479871749878,persistence,2022-01-01
YPPH,u10m,m s-1,12.0,1,1,0,6.797580718994141,-6.797580718994141,6.797580718994141,persistence,2022-01-01
YPPH,u10m,m s-1,18.0,1,1,0,6.1836652755737305,6.1836652755737305,6.1836652755737305,persistence,2022-01-01
YPPH,u10m,m s-1,24.0,1,1,0,3.6312880516052246,3.6312880516052246,3.6312880516052246,persistence,2022-01-01
YPPH,u10m,m s-1,30.0,1,1,0,10.554308414459229,-10.554308414459229,10.554308414459229,persistence,2022-01-01
YPPH,u10m,m s-1,36.0,1,1,0,7.569246768951416,-7.569246768951416,7.569246768951416,persistence,2022-01-01
YPPH,u10m,m s-1,42.0,1,1,0,4.671939551830292,-4.671939551830292,4.671939551830292,persistence,2022-01-01
YPPH,u10m,m s-1,48.0,1,1,0,2.785877823829651,-2.785877823829651,2.785877823829651,persistence,2022-01-01
YPPH,u10m,m s-1,54.0,1,1,0,9.485356330871582,-9.485356330871582,9.485356330871582,persistence,2022-01-01
YPPH,u10m,m s-1,60.0,1,1,0,6.944242715835571,-6.944242715835571,6.944242715835571,persistence,2022-01-01
YPPH,u10m,m s-1,66.0,1,1,0,0.8154430389404297,-0.8154430389404297,0.8154430389404297,persistence,2022-01-01
YPPH,u10m,m s-1,72.0,1,1,0,0.4213559627532959,-0.4213559627532959,0.4213559627532959,persistence,2022-01-01
YPPH,u10m,m s-1,78.0,1,1,0,3.9681386947631827,-3.9681386947631827,3.9681386947631827,persistence,2022-01-01
YPPH,u10m,m s-1,84.0,1,1,0,0.33067822456359863,-0.33067822456359863,0.33067822456359863,persistence,2022-01-01
YPPH,u10m,m s-1,90.0,1,1,0,2.1114025115966797,2.1114025115966797,2.1114025115966797,persistence,2022-01-01
YPPH,u10m,m s-1,96.0,1,1,0,2.2051892280578613,2.2051892280578613,2.2051892280578613,persistence,2022-01-01
YPPH,u10m,m s-1,102.0,1,1,0,1.2095298767089844,-1.2095298767089844,1.2095298767089844,persistence,2022-01-01
YPPH,u10m,m s-1,108.0,1,1,0,7.909008264541626,-7.909008264541626,7.909008264541626,persistence,2022-01-01
YPPH,u10m,m s-1,114.0,1,1,0,4.414800018072128,-4.414800018072128,4.414800018072128,persistence,2022-01-01
YPPH,u10m,m s-1,120.0,1,1,0,2.034461736679077,-2.034461736679077,2.034461736679077,persistence,2022-01-01
YPPH,u10m,m s-1,126.0,1,1,0,11.567565441131592,-11.567565441131592,11.567565441131592,persistence,2022-01-01
YPPH,u10m,m s-1,132.0,1,1,0,8.30309534072876,-8.30309534072876,8.30309534072876,persistence,2022-01-01
YPPH,u10m,m s-1,138.0,1,1,0,3.2643378376960754,-3.2643378376960754,3.2643378376960754,persistence,2022-01-01
YPPH,u10m,m s-1,144.0,1,1,0,4.777409553527832,4.777409553527832,4.777409553527832,persistence,2022-01-01
YPPH,u10m,m s-1,150.0,1,1,0,1.3227128982543945,-1.3227128982543945,1.3227128982543945,persistence,2022-01-01
YPPH,u10m,m s-1,156.0,1,1,0,7.3120245933532715,-7.3120245933532715,7.3120245933532715,persistence,2022-01-01
YPPH,u10m,m s-1,162.0,1,1,0,0.1007847785949707,-0.1007847785949707,0.1007847785949707,persistence,2022-01-01
YPPH,u10m,m s-1,168.0,1,1,0,1.0981454849243164,1.0981454849243164,1.0981454849243164,persistence,2022-01-01
YPPH,u10m,m s-1,174.0,1,1,0,11.987526893615723,-11.987526893615723,11.987526893615723,persistence,2022-01-01
YPPH,u10m,m s-1,180.0,1,1,0,9.258990287780762,-9.258990287780762,9.258990287780762,persistence,2022-01-01
YPPH,u10m,m s-1,186.0,1,1,0,7.8264687061309814,-7.8264687061309814,7.8264687061309814,persistence,2022-01-01
YPPH,u10m,m s-1,192.0,1,1,0,4.950793564319611,-4.950793564319611,4.950793564319611,persistence,2022-01-01
YPPH,u10m,m s-1,198.0,1,1,0,10.667617321014404,-10.667617321014404,10.667617321014404,persistence,2022-01-01
YPPH,u10m,m s-1,204.0,1,1,0,7.054802656173706,-7.054802656173706,7.054802656173706,persistence,2022-01-01
YPPH,u10m,m s-1,210.0,1,1,0,0.866053581237793,0.866053581237793,0.866053581237793,persistence,2022-01-01
YPPH,u10m,m s-1,216.0,1,1,0,3.2340774536132812,3.2340774536132812,3.2340774536132812,persistence,2022-01-01
YPPH,u10m,m s-1,222.0,1,1,0,0.1007847785949707,-0.1007847785949707,0.1007847785949707,persistence,2022-01-01
YPPH,u10m,m s-1,228.0,1,1,0,0.9920346736907959,-0.9920346736907959,0.9920346736907959,persistence,2022-01-01
YPPH,u10m,m s-1,234.0,1,1,0,1.5510425567626953,-1.5510425567626953,1.5510425567626953,persistence,2022-01-01
YPPH,u10m,m s-1,240.0,1,1,0,4.262965202331543,4.262965202331543,4.262965202331543,persistence,2022-01-01
YPPH,v10m,m s-1,6.0,1,1,0,4.729043483734129,4.729043483734129,4.729043483734129,persistence,2022-01-01
YPPH,v10m,m s-1,12.0,1,1,0,0.1716938018798828,-0.1716938018798828,0.1716938018798828,persistence,2022-01-01
YPPH,v10m,m s-1,18.0,1,1,0,1.0340890884399414,1.0340890884399414,1.0340890884399414,persistence,2022-01-01
YPPH,v10m,m s-1,24.0,1,1,0,6.069027423858643,6.069027423858643,6.069027423858643,persistence,2022-01-01
YPPH,v10m,m s-1,30.0,1,1,0,3.567724108695984,3.567724108695984,3.567724108695984,persistence,2022-01-01
YPPH,v10m,m s-1,36.0,1,1,0,1.50825834274292,-1.50825834274292,1.50825834274292,persistence,2022-01-01
YPPH,v10m,m s-1,42.0,1,1,0,6.662720441818237,6.662720441818237,6.662720441818237,persistence,2022-01-01
YPPH,v10m,m s-1,48.0,1,1,0,3.737008810043335,3.737008810043335,3.737008810043335,persistence,2022-01-01
YPPH,v10m,m s-1,54.0,1,1,0,0.09954833984375,0.09954833984375,0.09954833984375,persistence,2022-01-01
YPPH,v10m,m s-1,60.0,1,1,0,1.1822607517242432,1.1822607517242432,1.1822607517242432,persistence,2022-01-01
YPPH,v10m,m s-1,66.0,1,1,0,2.083617687225342,2.083617687225342,2.083617687225342,persistence,2022-01-01
YPPH,v10m,m s-1,72.0,1,1,0,1.7529394626617432,1.7529394626617432,1.7529394626617432,persistence,2022-01-01
YPPH,v10m,m s-1,78.0,1,1,0,0.9298405647277832,-0.9298405647277832,0.9298405647277832,persistence,2022-01-01
YPPH,v10m,m s-1,84.0,1,1,0,0.3940868377685547,0.3940868377685547,0.3940868377685547,persistence,2022-01-01
YPPH,v10m,m s-1,90.0,1,1,0,3.6570563316345215,3.6570563316345215,3.6570563316345215,persistence,2022-01-01
YPPH,v10m,m s-1,96.0,1,1,0,4.729043483734131,4.729043483734131,4.729043483734131,persistence,2022-01-01
YPPH,v10m,m s-1,102.0,1,1,0,2.4142959117889404,2.4142959117889404,2.4142959117889404,persistence,2022-01-01
YPPH,v10m,m s-1,108.0,1,1,0,1.4222612380981445,1.4222612380981445,1.4222612380981445,persistence,2022-01-01
YPPH,v10m,m s-1,114.0,1,1,0,2.195901393890381,2.195901393890381,2.195901393890381,persistence,2022-01-01
YPPH,v10m,m s-1,120.0,1,1,0,5.432844340801239,5.432844340801239,5.432844340801239,persistence,2022-01-01
YPPH,v10m,m s-1,126.0,1,1,0,3.389059543609619,3.389059543609619,3.389059543609619,persistence,2022-01-01
YPPH,v10m,m s-1,132.0,1,1,0,1.091583013534546,1.091583013534546,1.091583013534546,persistence,2022-01-01
YPPH,v10m,m s-1,138.0,1,1,0,2.7953665256500244,2.7953665256500244,2.7953665256500244,persistence,2022-01-01
YPPH,v10m,m s-1,144.0,1,1,0,4.729043483734132,4.729043483734132,4.729043483734132,persistence,2022-01-01
YPPH,v10m,m s-1,150.0,1,1,0,1.576347827911377,1.576347827911377,1.576347827911377,persistence,2022-01-01
YPPH,v10m,m s-1,156.0,1,1,0,1.062736988067627,-1.062736988067627,1.062736988067627,persistence,2022-01-01
YPPH,v10m,m s-1,162.0,1,1,0,3.3214417695999146,3.3214417695999146,3.3214417695999146,persistence,2022-01-01
YPPH,v10m,m s-1,168.0,1,1,0,5.62236613035202,5.62236613035202,5.62236613035202,persistence,2022-01-01
YPPH,v10m,m s-1,174.0,1,1,0,0.09904766082763672,0.09904766082763672,0.09904766082763672,persistence,2022-01-01
YPPH,v10m,m s-1,180.0,1,1,0,1.576347827911377,-1.576347827911377,1.576347827911377,persistence,2022-01-01
YPPH,v10m,m s-1,186.0,1,1,0,1.953780174255371,-1.953780174255371,1.953780174255371,persistence,2022-01-01
YPPH,v10m,m s-1,192.0,1,1,0,0.8438692092895508,-0.8438692092895508,0.8438692092895508,persistence,2022-01-01
YPPH,v10m,m s-1,198.0,1,1,0,0.892486572265625,-0.892486572265625,0.892486572265625,persistence,2022-01-01
YPPH,v10m,m s-1,204.0,1,1,0,0.6172151565551758,-0.6172151565551758,0.6172151565551758,persistence,2022-01-01
YPPH,v10m,m s-1,210.0,1,1,0,2.9695414304733276,2.9695414304733276,2.9695414304733276,persistence,2022-01-01
YPPH,v10m,m s-1,216.0,1,1,0,4.729043483734131,4.729043483734131,4.729043483734131,persistence,2022-01-01
YPPH,v10m,m s-1,222.0,1,1,0,3.3214417695999146,3.3214417695999146,3.3214417695999146,persistence,2022-01-01
YPPH,v10m,m s-1,228.0,1,1,0,1.1822607517242432,1.1822607517242432,1.1822607517242432,persistence,2022-01-01
YPPH,v10m,m s-1,234.0,1,1,0,3.8492924571037292,3.8492924571037292,3.8492924571037292,persistence,2022-01-01
YPPH,v10m,m s-1,240.0,1,1,0,4.729043483734132,4.729043483734132,4.729043483734132,persistence,2022-01-01
YPPH,ws10m,m s-1,6.0,1,1,0,1.5433320999145508,-1.5433320999145508,1.5433320999145508,persistence,2022-01-01
YPPH,ws10m,m s-1,12.0,1,1,0,0.5144438743591309,0.5144438743591309,0.5144438743591309,persistence,2022-01-01
YPPH,ws10m,m s-1,18.0,1,1,0,4.629995822906494,-4.629995822906494,4.629995822906494,persistence,2022-01-01
YPPH,ws10m,m s-1,24.0,1,1,0,1.5433320999145508,-1.5433320999145508,1.5433320999145508,persistence,2022-01-01
YPPH,ws10m,m s-1,30.0,1,1,0,0.5144438743591309,-0.5144438743591309,0.5144438743591309,persistence,2022-01-01
YPPH,ws10m,m s-1,36.0,1,1,0,1.02888822555542,-1.02888822555542,1.02888822555542,persistence,2022-01-01
YPPH,ws10m,m s-1,42.0,1,1,0,4.115551948547363,4.115551948547363,4.115551948547363,persistence,2022-01-01
YPPH,ws10m,m s-1,48.0,1,1,0,4.629995942115784,4.629995942115784,4.629995942115784,persistence,2022-01-01
YPPH,ws10m,m s-1,54.0,1,1,0,1.02888822555542,-1.02888822555542,1.02888822555542,persistence,2022-01-01
YPPH,ws10m,m s-1,60.0,1,1,0,1.5433320999145508,1.5433320999145508,1.5433320999145508,persistence,2022-01-01
YPPH,ws10m,m s-1,66.0,1,1,0,2.0577759742736816,2.0577759742736816,2.0577759742736816,persistence,2022-01-01
YPPH,ws10m,m s-1,72.0,1,1,0,1.5433320999145508,1.5433320999145508,1.5433320999145508,persistence,2022-01-01
YPPH,ws10m,m s-1,78.0,1,1,0,0.5144438743591309,0.5144438743591309,0.5144438743591309,persistence,2022-01-01
YPPH,ws10m,m s-1,84.0,1,1,0,0.5144438743591309,0.5144438743591309,0.5144438743591309,persistence,2022-01-01
YPPH,ws10m,m s-1,90.0,1,1,0,0.0,0.0,0.0,persistence,2022-01-01
YPPH,ws10m,m s-1,96.0,1,1,0,0.0,0.0,0.0,persistence,2022-01-01
YPPH,ws10m,m s-1,102.0,1,1,0,2.5722198486328125,2.5722198486328125,2.5722198486328125,persistence,2022-01-01
YPPH,ws10m,m s-1,108.0,1,1,0,1.0288877487182617,1.0288877487182617,1.0288877487182617,persistence,2022-01-01
YPPH,ws10m,m s-1,114.0,1,1,0,3.6011078357696533,3.6011078357696533,3.6011078357696533,persistence,2022-01-01
YPPH,ws10m,m s-1,120.0,1,1,0,4.115551948547363,4.115551948547363,4.115551948547363,persistence,2022-01-01
YPPH,ws10m,m s-1,126.0,1,1,0,1.5433320999145508,-1.5433320999145508,1.5433320999145508,persistence,2022-01-01
YPPH,ws10m,m s-1,132.0,1,1,0,0.5144438743591309,0.5144438743591309,0.5144438743591309,persistence,2022-01-01
YPPH,ws10m,m s-1,138.0,1,1,0,4.115551948547363,4.115551948547363,4.115551948547363,persistence,2022-01-01
YPPH,ws10m,m s-1,144.0,1,1,0,2.5722203254699707,-2.5722203254699707,2.5722203254699707,persistence,2022-01-01
YPPH,ws10m,m s-1,150.0,1,1,0,2.0577759742736816,2.0577759742736816,2.0577759742736816,persistence,2022-01-01
YPPH,ws10m,m s-1,156.0,1,1,0,0.5144438743591309,-0.5144438743591309,0.5144438743591309,persistence,2022-01-01
YPPH,ws10m,m s-1,162.0,1,1,0,2.0577759742736816,2.0577759742736816,2.0577759742736816,persistence,2022-01-01
YPPH,ws10m,m s-1,168.0,1,1,0,1.0288877487182617,1.0288877487182617,1.0288877487182617,persistence,2022-01-01
YPPH,ws10m,m s-1,174.0,1,1,0,3.0866637229919434,-3.0866637229919434,3.0866637229919434,persistence,2022-01-01
YPPH,ws10m,m s-1,180.0,1,1,0,2.0577759742736816,-2.0577759742736816,2.0577759742736816,persistence,2022-01-01
YPPH,ws10m,m s-1,186.0,1,1,0,1.5433320999145508,-1.5433320999145508,1.5433320999145508,persistence,2022-01-01
YPPH,ws10m,m s-1,192.0,1,1,0,0.5144438743591309,0.5144438743591309,0.5144438743591309,persistence,2022-01-01
YPPH,ws10m,m s-1,198.0,1,1,0,2.5722203254699707,-2.5722203254699707,2.5722203254699707,persistence,2022-01-01
YPPH,ws10m,m s-1,204.0,1,1,0,0.0,0.0,0.0,persistence,2022-01-01
YPPH,ws10m,m s-1,210.0,1,1,0,1.0288877487182617,1.0288877487182617,1.0288877487182617,persistence,2022-01-01
YPPH,ws10m,m s-1,216.0,1,1,0,1.02888822555542,-1.02888822555542,1.02888822555542,persistence,2022-01-01
YPPH,ws10m,m s-1,222.0,1,1,0,2.0577759742736816,2.0577759742736816,2.0577759742736816,persistence,2022-01-01
YPPH,ws10m,m s-1,228.0,1,1,0,1.5433320999145508,1.5433320999145508,1.5433320999145508,persistence,2022-01-01
YPPH,ws10m,m s-1,234.0,1,1,0,3.6011078357696533,3.6011078357696533,3.6011078357696533,persistence,2022-01-01
YPPH,ws10m,m s-1,240.0,1,1,0,2.0577759742736816,-2.0577759742736816,2.0577759742736816,persistence,2022-01-01
YPPH,msl,Pa,6.0,1,0,1,,,,FCN,2022-07-01
YPPH,msl,Pa,12.0,1,0,1,,,,FCN,2022-07-01
YPPH,msl,Pa,18.0,1,0,1,,,,FCN,2022-07-01
YPPH,msl,Pa,24.0,1,0,1,,,,FCN,2022-07-01
YPPH,msl,Pa,30.0,1,0,1,,,,FCN,2022-07-01
YPPH,msl,Pa,36.0,1,0,1,,,,FCN,2022-07-01
YPPH,msl,Pa,42.0,1,0,1,,,,FCN,2022-07-01
YPPH,msl,Pa,48.0,1,0,1,,,,FCN,2022-07-01
YPPH,msl,Pa,54.0,1,0,1,,,,FCN,2022-07-01
YPPH,msl,Pa,60.0,1,0,1,,,,FCN,2022-07-01
YPPH,msl,Pa,66.0,1,0,1,,,,FCN,2022-07-01
YPPH,msl,Pa,72.0,1,0,1,,,,FCN,2022-07-01
YPPH,msl,Pa,78.0,1,0,1,,,,FCN,2022-07-01
YPPH,msl,Pa,84.0,1,0,1,,,,FCN,2022-07-01
YPPH,msl,Pa,90.0,1,0,1,,,,FCN,2022-07-01
YPPH,msl,Pa,96.0,1,0,1,,,,FCN,2022-07-01
YPPH,msl,Pa,102.0,1,0,1,,,,FCN,2022-07-01
YPPH,msl,Pa,108.0,1,0,1,,,,FCN,2022-07-01
YPPH,msl,Pa,114.0,1,0,1,,,,FCN,2022-07-01
YPPH,msl,Pa,120.0,1,0,1,,,,FCN,2022-07-01
YPPH,msl,Pa,126.0,1,0,1,,,,FCN,2022-07-01
YPPH,msl,Pa,132.0,1,0,1,,,,FCN,2022-07-01
YPPH,msl,Pa,138.0,1,0,1,,,,FCN,2022-07-01
YPPH,msl,Pa,144.0,1,0,1,,,,FCN,2022-07-01
YPPH,msl,Pa,150.0,1,0,1,,,,FCN,2022-07-01
YPPH,msl,Pa,156.0,1,0,1,,,,FCN,2022-07-01
YPPH,msl,Pa,162.0,1,0,1,,,,FCN,2022-07-01
YPPH,msl,Pa,168.0,1,0,1,,,,FCN,2022-07-01
YPPH,msl,Pa,174.0,1,0,1,,,,FCN,2022-07-01
YPPH,msl,Pa,180.0,1,0,1,,,,FCN,2022-07-01
YPPH,msl,Pa,186.0,1,0,1,,,,FCN,2022-07-01
YPPH,msl,Pa,192.0,1,0,1,,,,FCN,2022-07-01
YPPH,msl,Pa,198.0,1,0,1,,,,FCN,2022-07-01
YPPH,msl,Pa,204.0,1,0,1,,,,FCN,2022-07-01
YPPH,msl,Pa,210.0,1,0,1,,,,FCN,2022-07-01
YPPH,msl,Pa,216.0,1,0,1,,,,FCN,2022-07-01
YPPH,msl,Pa,222.0,1,0,1,,,,FCN,2022-07-01
YPPH,msl,Pa,228.0,1,0,1,,,,FCN,2022-07-01
YPPH,msl,Pa,234.0,1,0,1,,,,FCN,2022-07-01
YPPH,msl,Pa,240.0,1,0,1,,,,FCN,2022-07-01
YPPH,t2m,K,6.0,1,1,0,2.12103271484375,-2.12103271484375,2.12103271484375,FCN,2022-07-01
YPPH,t2m,K,12.0,1,1,0,0.81756591796875,0.81756591796875,0.81756591796875,FCN,2022-07-01
YPPH,t2m,K,18.0,1,1,0,2.886962890625,-2.886962890625,2.886962890625,FCN,2022-07-01
YPPH,t2m,K,24.0,1,1,0,1.2982177734375,-1.2982177734375,1.2982177734375,FCN,2022-07-01
YPPH,t2m,K,30.0,1,1,0,1.889068603515625,-1.889068603515625,1.889068603515625,FCN,2022-07-01
YPPH,t2m,K,36.0,1,1,0,1.4027099609375,1.4027099609375,1.4027099609375,FCN,2022-07-01
YPPH,t2m,K,42.0,1,1,0,1.852020263671875,-1.852020263671875,1.852020263671875,FCN,2022-07-01
YPPH,t2m,K,48.0,1,1,0,0.58477783203125,0.58477783203125,0.58477783203125,FCN,2022-07-01
YPPH,t2m,K,54.0,1,1,0,1.168487548828125,-1.168487548828125,1.168487548828125,FCN,2022-07-01
YPPH,t2m,K,60.0,1,1,0,0.82403564453125,0.82403564453125,0.82403564453125,FCN,2022-07-01
YPPH,t2m,K,66.0,1,1,0,0.730560302734375,0.730560302734375,0.730560302734375,FCN,2022-07-01
YPPH,t2m,K,72.0,1,1,0,1.08074951171875,-1.08074951171875,1.08074951171875,FCN,2022-07-01
YPPH,t2m,K,78.0,1,1,0,1.1553955078125,-1.1553955078125,1.1553955078125,FCN,2022-07-01
YPPH,t2m,K,84.0,1,1,0,1.94720458984375,1.94720458984375,1.94720458984375,FCN,2022-07-01
YPPH,t2m,K,90.0,1,1,0,0.763671875,0.763671875,0.763671875,FCN,2022-07-01
YPPH,t2m,K,96.0,1,1,0,1.542144775390625,1.542144775390625,1.542144775390625,FCN,2022-07-01
YPPH,t2m,K,102.0,1,1,0,3.021148681640625,3.021148681640625,3.021148681640625,FCN,2022-07-01
YPPH,t2m,K,108.0,1,1,0,0.076751708984375,-0.076751708984375,0.076751708984375,FCN,2022-07-01
YPPH,t2m,K,114.0,1,1,0,2.14617919921875,-2.14617919921875,2.14617919921875,FCN,2022-07-01
YPPH,t2m,K,120.0,1,1,0,2.79583740234375,-2.79583740234375,2.79583740234375,FCN,2022-07-01
YPPH,t2m,K,126.0,1,1,0,2.2366943359375,-2.2366943359375,2.2366943359375,FCN,2022-07-01
YPPH,t2m,K,132.0,1,1,0,1.36181640625,1.36181640625,1.36181640625,FCN,2022-07-01
YPPH,t2m,K,138.0,1,1,0,1.33160400390625,-1.33160400390625,1.33160400390625,FCN,2022-07-01
YPPH,t2m,K,144.0,1,1,0,2.32366943359375,2.32366943359375,2.32366943359375,FCN,2022-07-01
YPPH,t2m,K,150.0,1,1,0,2.21527099609375,2.21527099609375,2.21527099609375,FCN,2022-07-01
YPPH,t2m,K,156.0,1,1,0,1.026824951171875,1.026824951171875,1.026824951171875,FCN,2022-07-01
YPPH,t2m,K,162.0,1,1,0,2.325469970703125,-2.325469970703125,2.325469970703125,FCN,2022-07-01
YPPH,t2m,K,168.0,1,1,0,1.521087646484375,-1.521087646484375,1.521087646484375,FCN,2022-07-01
YPPH,t2m,K,174.0,1,1,0,2.800811767578125,-2.800811767578125,2.800811767578125,FCN,2022-07-01
YPPH,t2m,K,180.0,1,1,0,2.0101318359375,2.0101318359375,2.0101318359375,FCN,2022-07-01
YPPH,t2m,K,186.0,1,1,0,2.8570556640625,2.8570556640625,2.8570556640625,FCN,2022-07-01
YPPH,t2m,K,192.0,1,1,0,2.643310546875,-2.643310546875,2.643310546875,FCN,2022-07-01
YPPH,t2m,K,198.0,1,1,0,7.54901123046875,-7.54901123046875,7.54901123046875,FCN,2022-07-01
YPPH,t2m,K,204.0,1,1,0,4.503326416015625,-4.503326416015625,4.503326416015625,FCN,2022-07-01
YPPH,t2m,K,210.0,1,1,0,9.644195556640625,-9.644195556640625,9.644195556640625,FCN,2022-07-01
YPPH,t2m,K,216.0,1,1,0,9.239288330078125,-9.239288330078125,9.239288330078125,FCN,2022-07-01
YPPH,t2m,K,222.0,1,1,0,2.99432373046875,-2.99432373046875,2.99432373046875,FCN,2022-07-01
YPPH,t2m,K,228.0,1,1,0,1.53265380859375,-1.53265380859375,1.53265380859375,FCN,2022-07-01
YPPH,t2m,K,234.0,1,1,0,2.023834228515625,-2.023834228515625,2.023834228515625,FCN,2022-07-01
YPPH,t2m,K,240.0,1,1,0,1.307861328125,-1.307861328125,1.307861328125,FCN,2022-07-01
YPPH,u10m,m s-1,6.0,1,1,0,1.3278136551380157,-1.3278136551380157,1.3278136551380157,FCN,2022-07-01
YPPH,u10m,m s-1,12.0,1,1,0,0.10753965377807617,0.10753965377807617,0.10753965377807617,FCN,2022-07-01
YPPH,u10m,m s-1,18.0,1,1,0,0.27455759048461914,-0.27455759048461914,0.27455759048461914,FCN,2022-07-01
YPPH,u10m,m s-1,24.0,1,1,0,1.2251806259155273,1.2251806259155273,1.2251806259155273,FCN,2022-07-01
YPPH,u10m,m s-1,30.0,1,1,0,0.7946341037750244,0.7946341037750244,0.7946341037750244,FCN,2022-07-01
YPPH,u10m,m s-1,36.0,1,1,0,0.17225003242492676,0.17225003242492676,0.17225003242492676,FCN,2022-07-01
YPPH,u10m,m s-1,42.0,1,1,0,2.147036552429199,2.147036552429199,2.147036552429199,FCN,2022-07-01
YPPH,u10m,m s-1,48.0,1,1,0,1.045884609222412,1.045884609222412,1.045884609222412,FCN,2022-07-01
YPPH,u10m,m s-1,54.0,1,1,0,0.03032839298248291,-0.03032839298248291,0.03032839298248291,FCN,2022-07-01
YPPH,u10m,m s-1,60.0,1,1,0,0.4441542625427246,0.4441542625427246,0.4441542625427246,FCN,2022-07-01
YPPH,u10m,m s-1,66.0,1,1,0,0.8555314540863037,0.8555314540863037,0.8555314540863037,FCN,2022-07-01
YPPH,u10m,m s-1,72.0,1,1,0,0.10055232048034668,0.10055232048034668,0.10055232048034668,FCN,2022-07-01
YPPH,u10m,m s-1,78.0,1,1,0,2.6878864467144012,2.6878864467144012,2.6878864467144012,FCN,2022-07-01
YPPH,u10m,m s-1,84.0,1,1,0,1.1711876392364502,1.1711876392364502,1.1711876392364502,FCN,2022-07-01
YPPH,u10m,m s-1,90.0,1,1,0,0.9748318791389465,0.9748318791389465,0.9748318791389465,FCN,2022-07-01
YPPH,u10m,m s-1,96.0,1,1,0,6.53594708442688,6.53594708442688,6.53594708442688,FCN,2022-07-01
YPPH,u10m,m s-1,102.0,1,1,0,3.946991682052613,3.946991682052613,3.946991682052613,FCN,2022-07-01
YPPH,u10m,m s-1,108.0,1,1,0,1.8531308472156525,1.8531308472156525,1.8531308472156525,FCN,2022-07-01
YPPH,u10m,m s-1,114.0,1,1,0,2.8973844051361084,-2.8973844051361084,2.8973844051361084,FCN,2022-07-01
YPPH,u10m,m s-1,120.0,1,1,0,0.8680815696716309,-0.8680815696716309,0.8680815696716309,FCN,2022-07-01
YPPH,u10m,m s-1,126.0,1,1,0,0.32427382469177246,0.32427382469177246,0.32427382469177246,FCN,2022-07-01
YPPH,u10m,m s-1,132.0,1,1,0,1.563210129737854,-1.563210129737854,1.563210129737854,FCN,2022-07-01
YPPH,u10m,m s-1,138.0,1,1,0,4.55065655708313,4.55065655708313,4.55065655708313,FCN,2022-07-01
YPPH,u10m,m s-1,144.0,1,1,0,1.3235492706298828,1.3235492706298828,1.3235492706298828,FCN,2022-07-01
YPPH,u10m,m s-1,150.0,1,1,0,3.519581139087677,3.519581139087677,3.519581139087677,FCN,2022-07-01
YPPH,u10m,m s-1,156.0,1,1,0,1.6407772302627563,1.6407772302627563,1.6407772302627563,FCN,2022-07-01
YPPH,u10m,m s-1,162.0,1,1,0,1.2150667905807495,1.2150667905807495,1.2150667905807495,FCN,2022-07-01
YPPH,u10m,m s-1,168.0,1,1,0,0.8755064010620117,0.8755064010620117,0.8755064010620117,FCN,2022-07-01
YPPH,u10m,m s-1,174.0,1,1,0,2.6246644854545593,2.6246644854545593,2.6246644854545593,FCN,2022-07-01
YPPH,u10m,m s-1,180.0,1,1,0,3.6589828729629517,3.6589828729629517,3.6589828729629517,FCN,2022-07-01
YPPH,u10m,m s-1,186.0,1,1,0,7.000928640365601,7.000928640365601,7.000928640365601,FCN,2022-07-01
YPPH,u10m,m s-1,192.0,1,1,0,7.545921802520752,7.545921802520752,7.545921802520752,FCN,2022-07-01
YPPH,u10m,m s-1,198.0,1,1,0,3.5328986644744873,3.5328986644744873,3.5328986644744873,FCN,2022-07-01
YPPH,u10m,m s-1,204.0,1,1,0,0.5558338165283203,-0.5558338165283203,0.5558338165283203,FCN,2022-07-01
YPPH,u10m,m s-1,210.0,1,1,0,10.01188051700592,-10.01188051700592,10.01188051700592,FCN,2022-07-01
YPPH,u10m,m s-1,216.0,1,1,0,8.511037588119507,-8.511037588119507,8.511037588119507,FCN,2022-07-01
YPPH,u10m,m s-1,222.0,1,1,0,5.251055359840393,-5.251055359840393,5.251055359840393,FCN,2022-07-01
YPPH,u10m,m s-1,228.0,1,1,0,0.07392764091491699,-0.07392764091491699,0.07392764091491699,FCN,2022-07-01
YPPH,u10m,m s-1,234.0,1,1,0,1.172116756439209,-1.172116756439209,1.172116756439209,FCN,2022-07-01
YPPH,u10m,m s-1,240.0,1,1,0,2.334165930747986,-2.334165930747986,2.334165930747986,FCN,2022-07-01
YPPH,v10m,m s-1,6.0,1,1,0,1.4700037240982056,1.4700037240982056,1.4700037240982056,FCN,2022-07-01
YPPH,v10m,m s-1,12.0,1,1,0,0.7292252331972122,-0.7292252331972122,0.7292252331972122,FCN,2022-07-01
YPPH,v10m,m s-1,18.0,1,1,0,1.2404348254203796,1.2404348254203796,1.2404348254203796,FCN,2022-07-01
YPPH,v10m,m s-1,24.0,1,1,0,0.2048485279083252,0.2048485279083252,0.2048485279083252,FCN,2022-07-01
YPPH,v10m,m s-1,30.0,1,1,0,0.011015892028808594,0.011015892028808594,0.011015892028808594,FCN,2022-07-01
YPPH,v10m,m s-1,36.0,1,1,0,0.6841659098863602,-0.6841659098863602,0.6841659098863602,FCN,2022-07-01
YPPH,v10m,m s-1,42.0,1,1,0,1.3657696247100826,-1.3657696247100826,1.3657696247100826,FCN,2022-07-01
YPPH,v10m,m s-1,48.0,1,1,0,0.82020103931427,-0.82020103931427,0.82020103931427,FCN,2022-07-01
YPPH,v10m,m s-1,54.0,1,1,0,2.3157458305358887,2.3157458305358887,2.3157458305358887,FCN,2022-07-01
YPPH,v10m,m s-1,60.0,1,1,0,0.8390912413597107,-0.8390912413597107,0.8390912413597107,FCN,2022-07-01
YPPH,v10m,m s-1,66.0,1,1,0,1.8474608659744263,-1.8474608659744263,1.8474608659744263,FCN,2022-07-01
YPPH,v10m,m s-1,72.0,1,1,0,1.0717833042144775,-1.0717833042144775,1.0717833042144775,FCN,2022-07-01
YPPH,v10m,m s-1,78.0,1,1,0,2.0630745887756348,2.0630745887756348,2.0630745887756348,FCN,2022-07-01
YPPH,v10m,m s-1,84.0,1,1,0,2.462324380874634,-2.462324380874634,2.462324380874634,FCN,2022-07-01
YPPH,v10m,m s-1,90.0,1,1,0,2.4119648933410645,-2.4119648933410645,2.4119648933410645,FCN,2022-07-01
YPPH,v10m,m s-1,96.0,1,1,0,0.6011343002319336,0.6011343002319336,0.6011343002319336,FCN,2022-07-01
YPPH,v10m,m s-1,102.0,1,1,0,3.059210777282715,-3.059210777282715,3.059210777282715,FCN,2022-07-01
YPPH,v10m,m s-1,108.0,1,1,0,1.9778402149677277,1.9778402149677277,1.9778402149677277,FCN,2022-07-01
YPPH,v10m,m s-1,114.0,1,1,0,0.056527718901634216,-0.056527718901634216,0.056527718901634216,FCN,2022-07-01
YPPH,v10m,m s-1,120.0,1,1,0,0.12545984983444214,0.12545984983444214,0.12545984983444214,FCN,2022-07-01
YPPH,v10m,m s-1,126.0,1,1,0,2.603881597518921,-2.603881597518921,2.603881597518921,FCN,2022-07-01
YPPH,v10m,m s-1,132.0,1,1,0,0.7513839006423951,0.7513839006423951,0.7513839006423951,FCN,2022-07-01
YPPH,v10m,m s-1,138.0,1,1,0,0.3177127242088313,-0.3177127242088313,0.3177127242088313,FCN,2022-07-01
YPPH,v10m,m s-1,144.0,1,1,0,0.28784072399139404,-0.28784072399139404,0.28784072399139404,FCN,2022-07-01
YPPH,v10m,m s-1,150.0,1,1,0,1.1956031322479246,-1.1956031322479246,1.1956031322479246,FCN,2022-07-01
YPPH,v10m,m s-1,156.0,1,1,0,0.04723000526428223,-0.04723000526428223,0.04723000526428223,FCN,2022-07-01
YPPH,v10m,m s-1,162.0,1,1,0,0.5187047719955444,-0.5187047719955444,0.5187047719955444,FCN,2022-07-01
YPPH,v10m,m s-1,168.0,1,1,0,0.6198790073394775,-0.6198790073394775,0.6198790073394775,FCN,2022-07-01
YPPH,v10m,m s-1,174.0,1,1,0,1.7397913932800293,-1.7397913932800293,1.7397913932800293,FCN,2022-07-01
YPPH,v10m,m s-1,180.0,1,1,0,2.0147151947021484,-2.0147151947021484,2.0147151947021484,FCN,2022-07-01
YPPH,v10m,m s-1,186.0,1,1,0,1.6692320108413696,1.6692320108413696,1.6692320108413696,FCN,2022-07-01
YPPH,v10m,m s-1,192.0,1,1,0,5.465475618839264,5.465475618839264,5.465475618839264,FCN,2022-07-01
YPPH,v10m,m s-1,198.0,1,1,0,13.947492122650146,13.947492122650146,13.947492122650146,FCN,2022-07-01
YPPH,v10m,m s-1,204.0,1,1,0,4.179992735385895,4.179992735385895,4.179992735385895,FCN,2022-07-01
YPPH,v10m,m s-1,210.0,1,1,0,3.9639943838119507,-3.9639943838119507,3.9639943838119507,FCN,2022-07-01
YPPH,v10m,m s-1,216.0,1,1,0,5.859556972980499,-5.859556972980499,5.859556972980499,FCN,2022-07-01
YPPH,v10m,m s-1,222.0,1,1,0,2.6905986666679382,-2.6905986666679382,2.6905986666679382,FCN,2022-07-01
YPPH,v10m,m s-1,228.0,1,1,0,1.0338182747364044,1.0338182747364044,1.0338182747364044,FCN,2022-07-01
YPPH,v10m,m s-1,234.0,1,1,0,0.46274468302726746,-0.46274468302726746,0.46274468302726746,FCN,2022-07-01
YPPH,v10m,m s-1,240.0,1,1,0,0.6672728657722473,0.6672728657722473,0.6672728657722473,FCN,2022-07-01
YPPH,ws10m,m s-1,6.0,1,1,0,0.5036396980285645,-0.5036396980285645,0.5036396980285645,FCN,2022-07-01
YPPH,ws10m,m s-1,12.0,1,1,0,0.16067934036254883,-0.16067934036254883,0.16067934036254883,FCN,2022-07-01
YPPH,ws10m,m s-1,18.0,1,1,0,0.19077229499816895,-0.19077229499816895,0.19077229499816895,FCN,2022-07-01
YPPH,ws10m,m s-1,24.0,1,1,0,1.214820146560669,-1.214820146560669,1.214820146560669,FCN,2022-07-01
YPPH,ws10m,m s-1,30.0,1,1,0,0.6624658107757568,-0.6624658107757568,0.6624658107757568,FCN,2022-07-01
YPPH,ws10m,m s-1,36.0,1,1,0,0.22644591331481934,-0.22644591331481934,0.22644591331481934,FCN,2022-07-01
YPPH,ws10m,m s-1,42.0,1,1,0,1.921699047088623,-1.921699047088623,1.921699047088623,FCN,2022-07-01
YPPH,ws10m,m s-1,48.0,1,1,0,0.5611944198608398,-0.5611944198608398,0.5611944198608398,FCN,2022-07-01
YPPH,ws10m,m s-1,54.0,1,1,0,2.0706403255462646,-2.0706403255462646,2.0706403255462646,FCN,2022-07-01
YPPH,ws10m,m s-1,60.0,1,1,0,0.1864166259765625,-0.1864166259765625,0.1864166259765625,FCN,2022-07-01
YPPH,ws10m,m s-1,66.0,1,1,0,0.22584152221679688,0.22584152221679688,0.22584152221679688,FCN,2022-07-01
YPPH,ws10m,m s-1,72.0,1,1,0,0.8059043884277344,0.8059043884277344,0.8059043884277344,FCN,2022-07-01
YPPH,ws10m,m s-1,78.0,1,1,0,2.583028793334961,-2.583028793334961,2.583028793334961,FCN,2022-07-01
YPPH,ws10m,m s-1,84.0,1,1,0,1.8081514835357666,1.8081514835357666,1.8081514835357666,FCN,2022-07-01
YPPH,ws10m,m s-1,90.0,1,1,0,2.354673385620117,2.354673385620117,2.354673385620117,FCN,2022-07-01
YPPH,ws10m,m s-1,96.0,1,1,0,0.7953791618347168,0.7953791618347168,0.7953791618347168,FCN,2022-07-01
YPPH,ws10m,m s-1,102.0,1,1,0,0.932675838470459,-0.932675838470459,0.932675838470459,FCN,2022-07-01
YPPH,ws10m,m s-1,108.0,1,1,0,0.4280158281326294,-0.4280158281326294,0.4280158281326294,FCN,2022-07-01
YPPH,ws10m,m s-1,114.0,1,1,0,2.8979358673095703,2.8979358673095703,2.8979358673095703,FCN,2022-07-01
YPPH,ws10m,m s-1,120.0,1,1,0,0.7950458526611328,0.7950458526611328,0.7950458526611328,FCN,2022-07-01
YPPH,ws10m,m s-1,126.0,1,1,0,0.5094778537750244,-0.5094778537750244,0.5094778537750244,FCN,2022-07-01
YPPH,ws10m,m s-1,132.0,1,1,0,1.6527878046035767,1.6527878046035767,1.6527878046035767,FCN,2022-07-01
YPPH,ws10m,m s-1,138.0,1,1,0,4.53696870803833,-4.53696870803833,4.53696870803833,FCN,2022-07-01
YPPH,ws10m,m s-1,144.0,1,1,0,1.214665174484253,-1.214665174484253,1.214665174484253,FCN,2022-07-01
YPPH,ws10m,m s-1,150.0,1,1,0,1.0467824935913086,-1.0467824935913086,1.0467824935913086,FCN,2022-07-01
YPPH,ws10m,m s-1,156.0,1,1,0,0.6697554588317871,-0.6697554588317871,0.6697554588317871,FCN,2022-07-01
YPPH,ws10m,m s-1,162.0,1,1,0,0.5612051486968994,-0.5612051486968994,0.5612051486968994,FCN,2022-07-01
YPPH,ws10m,m s-1,168.0,1,1,0,0.33620548248291016,-0.33620548248291016,0.33620548248291016,FCN,2022-07-01
YPPH,ws10m,m s-1,174.0,1,1,0,1.1278228759765625,1.1278228759765625,1.1278228759765625,FCN,2022-07-01
YPPH,ws10m,m s-1,180.0,1,1,0,2.3181281089782715,2.3181281089782715,2.3181281089782715,FCN,2022-07-01
YPPH,ws10m,m s-1,186.0,1,1,0,1.7974762916564941,1.7974762916564941,1.7974762916564941,FCN,2022-07-01
YPPH,ws10m,m s-1,192.0,1,1,0,0.7284588813781738,-0.7284588813781738,0.7284588813781738,FCN,2022-07-01
YPPH,ws10m,m s-1,198.0,1,1,0,2.040238380432129,-2.040238380432129,2.040238380432129,FCN,2022-07-01
YPPH,ws10m,m s-1,204.0,1,1,0,1.2166969776153564,1.2166969776153564,1.2166969776153564,FCN,2022-07-01
YPPH,ws10m,m s-1,210.0,1,1,0,8.674370646476746,-8.674370646476746,8.674370646476746,FCN,2022-07-01
YPPH,ws10m,m s-1,216.0,1,1,0,4.965750694274902,-4.965750694274902,4.965750694274902,FCN,2022-07-01
YPPH,ws10m,m s-1,222.0,1,1,0,3.6965904235839844,-3.6965904235839844,3.6965904235839844,FCN,2022-07-01
YPPH,ws10m,m s-1,228.0,1,1,0,0.07643651962280273,-0.07643651962280273,0.07643651962280273,FCN,2022-07-01
YPPH,ws10m,m s-1,234.0,1,1,0,1.2430076599121094,1.2430076599121094,1.2430076599121094,FCN,2022-07-01
YPPH,ws10m,m s-1,240.0,1,1,0,1.843888521194458,1.843888521194458,1.843888521194458,FCN,2022-07-01
YPPH,msl,Pa,6.0,1,0,1,,,,persistence,2022-07-01
YPPH,msl,Pa,12.0,1,0,1,,,,persistence,2022-07-01
YPPH,msl,Pa,18.0,1,0,1,,,,persistence,2022-07-01
YPPH,msl,Pa,24.0,1,0,1,,,,persistence,2022-07-01
YPPH,msl,Pa,30.0,1,0,1,,,,persistence,2022-07-01
YPPH,msl,Pa,36.0,1,0,1,,,,persistence,2022-07-01
YPPH,msl,Pa,42.0,1,0,1,,,,persistence,2022-07-01
YPPH,msl,Pa,48.0,1,0,1,,,,persistence,2022-07-01
YPPH,msl,Pa,54.0,1,0,1,,,,persistence,2022-07-01
YPPH,msl,Pa,60.0,1,0,1,,,,persistence,2022-07-01
YPPH,msl,Pa,66.0,1,0,1,,,,persistence,2022-07-01
YPPH,msl,Pa,72.0,1,0,1,,,,persistence,2022-07-01
YPPH,msl,Pa,78.0,1,0,1,,,,persistence,2022-07-01
YPPH,msl,Pa,84.0,1,0,1,,,,persistence,2022-07-01
YPPH,msl,Pa,90.0,1,0,1,,,,persistence,2022-07-01
YPPH,msl,Pa,96.0,1,0,1,,,,persistence,2022-07-01
YPPH,msl,Pa,102.0,1,0,1,,,,persistence,2022-07-01
YPPH,msl,Pa,108.0,1,0,1,,,,persistence,2022-07-01
YPPH,msl,Pa,114.0,1,0,1,,,,persistence,2022-07-01
YPPH,msl,Pa,120.0,1,0,1,,,,persistence,2022-07-01
YPPH,msl,Pa,126.0,1,0,1,,,,persistence,2022-07-01
YPPH,msl,Pa,132.0,1,0,1,,,,persistence,2022-07-01
YPPH,msl,Pa,138.0,1,0,1,,,,persistence,2022-07-01
YPPH,msl,Pa,144.0,1,0,1,,,,persistence,2022-07-01
YPPH,msl,Pa,150.0,1,0,1,,,,persistence,2022-07-01
YPPH,msl,Pa,156.0,1,0,1,,,,persistence,2022-07-01
YPPH,msl,Pa,162.0,1,0,1,,,,persistence,2022-07-01
YPPH,msl,Pa,168.0,1,0,1,,,,persistence,2022-07-01
YPPH,msl,Pa,174.0,1,0,1,,,,persistence,2022-07-01
YPPH,msl,Pa,180.0,1,0,1,,,,persistence,2022-07-01
YPPH,msl,Pa,186.0,1,0,1,,,,persistence,2022-07-01
YPPH,msl,Pa,192.0,1,0,1,,,,persistence,2022-07-01
YPPH,msl,Pa,198.0,1,0,1,,,,persistence,2022-07-01
YPPH,msl,Pa,204.0,1,0,1,,,,persistence,2022-07-01
YPPH,msl,Pa,210.0,1,0,1,,,,persistence,2022-07-01
YPPH,msl,Pa,216.0,1,0,1,,,,persistence,2022-07-01
YPPH,msl,Pa,222.0,1,0,1,,,,persistence,2022-07-01
YPPH,msl,Pa,228.0,1,0,1,,,,persistence,2022-07-01
YPPH,msl,Pa,234.0,1,0,1,,,,persistence,2022-07-01
YPPH,msl,Pa,240.0,1,0,1,,,,persistence,2022-07-01
YPPH,t2m,K,6.0,1,1,0,10.0,-10.0,10.0,persistence,2022-07-01
YPPH,t2m,K,12.0,1,1,0,0.0,0.0,0.0,persistence,2022-07-01
YPPH,t2m,K,18.0,1,1,0,0.0,0.0,0.0,persistence,2022-07-01
YPPH,t2m,K,24.0,1,1,0,0.0,0.0,0.0,persistence,2022-07-01
YPPH,t2m,K,30.0,1,1,0,10.0,-10.0,10.0,persistence,2022-07-01
YPPH,t2m,K,36.0,1,1,0,0.0,0.0,0.0,persistence,2022-07-01
YPPH,t2m,K,42.0,1,1,0,0.0,0.0,0.0,persistence,2022-07-01
YPPH,t2m,K,48.0,1,1,0,1.0,1.0,1.0,persistence,2022-07-01
YPPH,t2m,K,54.0,1,1,0,10.0,-10.0,10.0,persistence,2022-07-01
YPPH,t2m,K,60.0,1,1,0,1.0,-1.0,1.0,persistence,2022-07-01
YPPH,t2m,K,66.0,1,1,0,1.0,1.0,1.0,persistence,2022-07-01
YPPH,t2m,K,72.0,1,1,0,3.0,-3.0,3.0,persistence,2022-07-01
YPPH,t2m,K,78.0,1,1,0,10.0,-10.0,10.0,persistence,2022-07-01
YPPH,t2m,K,84.0,1,1,0,2.0,-2.0,2.0,persistence,2022-07-01
YPPH,t2m,K,90.0,1,1,0,3.0,-3.0,3.0,persistence,2022-07-01
YPPH,t2m,K,96.0,1,1,0,4.0,-4.0,4.0,persistence,2022-07-01
YPPH,t2m,K,102.0,1,1,0,4.0,-4.0,4.0,persistence,2022-07-01
YPPH,t2m,K,108.0,1,1,0,2.0,-2.0,2.0,persistence,2022-07-01
YPPH,t2m,K,114.0,1,1,0,0.0,0.0,0.0,persistence,2022-07-01
YPPH,t2m,K,120.0,1,1,0,1.0,-1.0,1.0,persistence,2022-07-01
YPPH,t2m,K,126.0,1,1,0,9.0,-9.0,9.0,persistence,2022-07-01
YPPH,t2m,K,132.0,1,1,0,0.0,0.0,0.0,persistence,2022-07-01
YPPH,t2m,K,138.0,1,1,0,1.0,-1.0,1.0,persistence,2022-07-01
YPPH,t2m,K,144.0,1,1,0,1.0,1.0,1.0,persistence,2022-07-01
YPPH,t2m,K,150.0,1,1,0,7.0,-7.0,7.0,persistence,2022-07-01
YPPH,t2m,K,156.0,1,1,0,3.0,-3.0,3.0,persistence,2022-07-01
YPPH,t2m,K,162.0,1,1,0,3.0,-3.0,3.0,persistence,2022-07-01
YPPH,t2m,K,168.0,1,1,0,4.0,-4.0,4.0,persistence,2022-07-01
YPPH,t2m,K,174.0,1,1,0,13.0,-13.0,13.0,persistence,2022-07-01
YPPH,t2m,K,180.0,1,1,0,7.0,-7.0,7.0,persistence,2022-07-01
YPPH,t2m,K,186.0,1,1,0,4.0,-4.0,4.0,persistence,2022-07-01
YPPH,t2m,K,192.0,1,1,0,8.0,-8.0,8.0,persistence,2022-07-01
YPPH,t2m,K,198.0,1,1,0,13.0,-13.0,13.0,persistence,2022-07-01
YPPH,t2m,K,204.0,1,1,0,6.0,-6.0,6.0,persistence,2022-07-01
YPPH,t2m,K,210.0,1,1,0,7.0,-7.0,7.0,persistence,2022-07-01
YPPH,t2m,K,216.0,1,1,0,6.0,-6.0,6.0,persistence,2022-07-01
YPPH,t2m,K,222.0,1,1,0,8.0,-8.0,8.0,persistence,2022-07-01
YPPH,t2m,K,228.0,1,1,0,2.0,-2.0,2.0,persistence,2022-07-01
YPPH,t2m,K,234.0,1,1,0,1.0,1.0,1.0,persistence,2022-07-01
YPPH,t2m,K,240.0,1,1,0,1.0,1.0,1.0,persistence,2022-07-01
YPPH,u10m,m s-1,6.0,1,1,0,3.904111534357071,-3.904111534357071,3.904111534357071,persistence,2022-07-01
YPPH,u10m,m s-1,12.0,1,1,0,0.8043737411499023,-0.8043737411499023,0.8043737411499023,persistence,2022-07-01
YPPH,u10m,m s-1,18.0,1,1,0,0.7866003513336182,-0.7866003513336182,0.7866003513336182,persistence,2022-07-01
YPPH,u10m,m s-1,24.0,1,1,0,0.48341941833496094,0.48341941833496094,0.48341941833496094,persistence,2022-07-01
YPPH,u10m,m s-1,30.0,1,1,0,1.6776435375213623,-1.6776435375213623,1.6776435375213623,persistence,2022-07-01
YPPH,u10m,m s-1,36.0,1,1,0,0.8043737411499023,-0.8043737411499023,0.8043737411499023,persistence,2022-07-01
YPPH,u10m,m s-1,42.0,1,1,0,1.8225550651550293,1.8225550651550293,1.8225550651550293,persistence,2022-07-01
YPPH,u10m,m s-1,48.0,1,1,0,0.48341941833496094,0.48341941833496094,0.48341941833496094,persistence,2022-07-01
YPPH,u10m,m s-1,54.0,1,1,0,2.4153205156326294,-2.4153205156326294,2.4153205156326294,persistence,2022-07-01
YPPH,u10m,m s-1,60.0,1,1,0,0.2977452278137207,-0.2977452278137207,0.2977452278137207,persistence,2022-07-01
YPPH,u10m,m s-1,66.0,1,1,0,0.48341941833496094,0.48341941833496094,0.48341941833496094,persistence,2022-07-01
YPPH,u10m,m s-1,72.0,1,1,0,1.0439906120300293,-1.0439906120300293,1.0439906120300293,persistence,2022-07-01
YPPH,u10m,m s-1,78.0,1,1,0,1.359619379043579,-1.359619379043579,1.359619379043579,persistence,2022-07-01
YPPH,u10m,m s-1,84.0,1,1,0,2.366703510284424,-2.366703510284424,2.366703510284424,persistence,2022-07-01
YPPH,u10m,m s-1,90.0,1,1,0,3.636114776134491,-3.636114776134491,3.636114776134491,persistence,2022-07-01
YPPH,u10m,m s-1,96.0,1,1,0,2.0357749462127686,-2.0357749462127686,2.0357749462127686,persistence,2022-07-01
YPPH,u10m,m s-1,102.0,1,1,0,4.350772857666015,-4.350772857666015,4.350772857666015,persistence,2022-07-01
YPPH,u10m,m s-1,108.0,1,1,0,2.324259042739868,-2.324259042739868,2.324259042739868,persistence,2022-07-01
YPPH,u10m,m s-1,114.0,1,1,0,4.350772857666016,-4.350772857666016,4.350772857666016,persistence,2022-07-01
YPPH,u10m,m s-1,120.0,1,1,0,1.4502575397491455,-1.4502575397491455,1.4502575397491455,persistence,2022-07-01
YPPH,u10m,m s-1,126.0,1,1,0,1.6776435375213623,-1.6776435375213623,1.6776435375213623,persistence,2022-07-01
YPPH,u10m,m s-1,132.0,1,1,0,2.8074408769607544,-2.8074408769607544,2.8074408769607544,persistence,2022-07-01
YPPH,u10m,m s-1,138.0,1,1,0,3.880331039428711,3.880331039428711,3.880331039428711,persistence,2022-07-01
YPPH,u10m,m s-1,144.0,1,1,0,0.20888328552246094,0.20888328552246094,0.20888328552246094,persistence,2022-07-01
YPPH,u10m,m s-1,150.0,1,1,0,1.778552770614624,-1.778552770614624,1.778552770614624,persistence,2022-07-01
YPPH,u10m,m s-1,156.0,1,1,0,3.014208197593689,-3.014208197593689,3.014208197593689,persistence,2022-07-01
YPPH,u10m,m s-1,162.0,1,1,0,1.6776435375213623,-1.6776435375213623,1.6776435375213623,persistence,2022-07-01
YPPH,u10m,m s-1,168.0,1,1,0,0.3410787582397461,-0.3410787582397461,0.3410787582397461,persistence,2022-07-01
YPPH,u10m,m s-1,174.0,1,1,0,2.0357749462127686,-2.0357749462127686,2.0357749462127686,persistence,2022-07-01
YPPH,u10m,m s-1,180.0,1,1,0,3.1191214323043823,-3.1191214323043823,3.1191214323043823,persistence,2022-07-01
YPPH,u10m,m s-1,186.0,1,1,0,2.5502188205718994,-2.5502188205718994,2.5502188205718994,persistence,2022-07-01
YPPH,u10m,m s-1,192.0,1,1,0,2.239370346069336,-2.239370346069336,2.239370346069336,persistence,2022-07-01
YPPH,u10m,m s-1,198.0,1,1,0,7.869776964187622,-7.869776964187622,7.869776964187622,persistence,2022-07-01
YPPH,u10m,m s-1,204.0,1,1,0,6.767868995666504,-6.767868995666504,6.767868995666504,persistence,2022-07-01
YPPH,u10m,m s-1,210.0,1,1,0,13.261204719543457,-13.261204719543457,13.261204719543457,persistence,2022-07-01
YPPH,u10m,m s-1,216.0,1,1,0,10.262077331542969,-10.262077331542969,10.262077331542969,persistence,2022-07-01
YPPH,u10m,m s-1,222.0,1,1,0,8.291642427444458,-8.291642427444458,8.291642427444458,persistence,2022-07-01
YPPH,u10m,m s-1,228.0,1,1,0,1.9336767196655273,-1.9336767196655273,1.9336767196655273,persistence,2022-07-01
YPPH,u10m,m s-1,234.0,1,1,0,1.8176307678222656,-1.8176307678222656,1.8176307678222656,persistence,2022-07-01
YPPH,u10m,m s-1,240.0,1,1,0,2.3803380727767944,-2.3803380727767944,2.3803380727767944,persistence,2022-07-01
YPPH,v10m,m s-1,6.0,1,1,0,0.9495902061462402,0.9495902061462402,0.9495902061462402,persistence,2022-07-01
YPPH,v10m,m s-1,12.0,1,1,0,2.208877742290497,-2.208877742290497,2.208877742290497,persistence,2022-07-01
YPPH,v10m,m s-1,18.0,1,1,0,0.4742240905761719,0.4742240905761719,0.4742240905761719,persistence,2022-07-01
YPPH,v10m,m s-1,24.0,1,1,0,0.17595016956329346,0.17595016956329346,0.17595016956329346,persistence,2022-07-01
YPPH,v10m,m s-1,30.0,1,1,0,0.040219902992248535,-0.040219902992248535,0.040219902992248535,persistence,2022-07-01
YPPH,v10m,m s-1,36.0,1,1,0,2.208877742290497,-2.208877742290497,2.208877742290497,persistence,2022-07-01
YPPH,v10m,m s-1,42.0,1,1,0,1.5835518836975093,-1.5835518836975093,1.5835518836975093,persistence,2022-07-01
YPPH,v10m,m s-1,48.0,1,1,0,0.17595016956329346,0.17595016956329346,0.17595016956329346,persistence,2022-07-01
YPPH,v10m,m s-1,54.0,1,1,0,3.7340598106384277,3.7340598106384277,3.7340598106384277,persistence,2022-07-01
YPPH,v10m,m s-1,60.0,1,1,0,0.8688938021659851,-0.8688938021659851,0.8688938021659851,persistence,2022-07-01
YPPH,v10m,m s-1,66.0,1,1,0,0.17595016956329346,0.17595016956329346,0.17595016956329346,persistence,2022-07-01
YPPH,v10m,m s-1,72.0,1,1,0,2.3573176860809326,2.3573176860809326,2.3573176860809326,persistence,2022-07-01
YPPH,v10m,m s-1,78.0,1,1,0,6.634575366973877,6.634575366973877,6.634575366973877,persistence,2022-07-01
YPPH,v10m,m s-1,84.0,1,1,0,0.7809698581695557,0.7809698581695557,0.7809698581695557,persistence,2022-07-01
YPPH,v10m,m s-1,90.0,1,1,0,2.469475746154785,2.469475746154785,2.469475746154785,persistence,2022-07-01
YPPH,v10m,m s-1,96.0,1,1,0,2.4261422157287598,2.4261422157287598,2.4261422157287598,persistence,2022-07-01
YPPH,v10m,m s-1,102.0,1,1,0,7.242435932159424,-7.242435932159424,7.242435932159424,persistence,2022-07-01
YPPH,v10m,m s-1,108.0,1,1,0,1.2262228429317474,-1.2262228429317474,1.2262228429317474,persistence,2022-07-01
YPPH,v10m,m s-1,114.0,1,1,0,1.5835518836975098,-1.5835518836975098,1.5835518836975098,persistence,2022-07-01
YPPH,v10m,m s-1,120.0,1,1,0,0.5278506278991699,-0.5278506278991699,0.5278506278991699,persistence,2022-07-01
YPPH,v10m,m s-1,126.0,1,1,0,3.126883864402771,-3.126883864402771,3.126883864402771,persistence,2022-07-01
YPPH,v10m,m s-1,132.0,1,1,0,1.5835518836975098,-1.5835518836975098,1.5835518836975098,persistence,2022-07-01
YPPH,v10m,m s-1,138.0,1,1,0,1.5835518836975093,-1.5835518836975093,1.5835518836975093,persistence,2022-07-01
YPPH,v10m,m s-1,144.0,1,1,0,0.7795615196228027,-0.7795615196228027,0.7795615196228027,persistence,2022-07-01
YPPH,v10m,m s-1,150.0,1,1,0,1.5835518836975095,-1.5835518836975095,1.5835518836975095,persistence,2022-07-01
YPPH,v10m,m s-1,156.0,1,1,0,0.8118858933448792,-0.8118858933448792,0.8118858933448792,persistence,2022-07-01
YPPH,v10m,m s-1,162.0,1,1,0,0.040219902992248535,-0.040219902992248535,0.040219902992248535,persistence,2022-07-01
YPPH,v10m,m s-1,168.0,1,1,0,0.7314460277557373,0.7314460277557373,0.7314460277557373,persistence,2022-07-01
YPPH,v10m,m s-1,174.0,1,1,0,2.4261422157287598,2.4261422157287598,2.4261422157287598,persistence,2022-07-01
YPPH,v10m,m s-1,180.0,1,1,0,1.8003826141357422,1.8003826141357422,1.8003826141357422,persistence,2022-07-01
YPPH,v10m,m s-1,186.0,1,1,0,1.5350990295410156,1.5350990295410156,1.5350990295410156,persistence,2022-07-01
YPPH,v10m,m s-1,192.0,1,1,0,4.2174787521362305,4.2174787521362305,4.2174787521362305,persistence,2022-07-01
YPPH,v10m,m s-1,198.0,1,1,0,8.084832668304443,8.084832668304443,8.084832668304443,persistence,2022-07-01
YPPH,v10m,m s-1,204.0,1,1,0,0.7038008570671082,-0.7038008570671082,0.7038008570671082,persistence,2022-07-01
YPPH,v10m,m s-1,210.0,1,1,0,6.727992057800293,-6.727992057800293,6.727992057800293,persistence,2022-07-01
YPPH,v10m,m s-1,216.0,1,1,0,6.543725490570068,-6.543725490570068,6.543725490570068,persistence,2022-07-01
YPPH,v10m,m s-1,222.0,1,1,0,4.890334129333496,-4.890334129333496,4.890334129333496,persistence,2022-07-01
YPPH,v10m,m s-1,228.0,1,1,0,0.7038008570671082,-0.7038008570671082,0.7038008570671082,persistence,2022-07-01
YPPH,v10m,m s-1,234.0,1,1,0,1.136890560388565,-1.136890560388565,1.136890560388565,persistence,2022-07-01
YPPH,v10m,m s-1,240.0,1,1,0,0.0698392391204834,0.0698392391204834,0.0698392391204834,persistence,2022-07-01
YPPH,ws10m,m s-1,6.0,1,1,0,2.0577757358551025,2.0577757358551025,2.0577757358551025,persistence,2022-07-01
YPPH,ws10m,m s-1,12.0,1,1,0,1.0288877487182617,1.0288877487182617,1.0288877487182617,persistence,2022-07-01
YPPH,ws10m,m s-1,18.0,1,1,0,0.5144438743591309,0.5144438743591309,0.5144438743591309,persistence,2022-07-01
YPPH,ws10m,m s-1,24.0,1,1,0,0.5144443511962891,-0.5144443511962891,0.5144443511962891,persistence,2022-07-01
YPPH,ws10m,m s-1,30.0,1,1,0,1.5433318614959717,1.5433318614959717,1.5433318614959717,persistence,2022-07-01
YPPH,ws10m,m s-1,36.0,1,1,0,1.0288877487182617,1.0288877487182617,1.0288877487182617,persistence,2022-07-01
YPPH,ws10m,m s-1,42.0,1,1,0,1.5433320999145508,-1.5433320999145508,1.5433320999145508,persistence,2022-07-01
YPPH,ws10m,m s-1,48.0,1,1,0,0.5144443511962891,-0.5144443511962891,0.5144443511962891,persistence,2022-07-01
YPPH,ws10m,m s-1,54.0,1,1,0,1.02888822555542,-1.02888822555542,1.02888822555542,persistence,2022-07-01
YPPH,ws10m,m s-1,60.0,1,1,0,0.5144438743591309,0.5144438743591309,0.5144438743591309,persistence,2022-07-01
YPPH,ws10m,m s-1,66.0,1,1,0,0.5144443511962891,-0.5144443511962891,0.5144443511962891,persistence,2022-07-01
YPPH,ws10m,m s-1,72.0,1,1,0,0.5144443511962891,-0.5144443511962891,0.5144443511962891,persistence,2022-07-01
YPPH,ws10m,m s-1,78.0,1,1,0,4.1155524253845215,-4.1155524253845215,4.1155524253845215,persistence,2022-07-01
YPPH,ws10m,m s-1,84.0,1,1,0,1.5433318614959717,1.5433318614959717,1.5433318614959717,persistence,2022-07-01
YPPH,ws10m,m s-1,90.0,1,1,0,0.5144438743591309,0.5144438743591309,0.5144438743591309,persistence,2022-07-01
YPPH,ws10m,m s-1,96.0,1,1,0,0.0,0.0,0.0,persistence,2022-07-01
YPPH,ws10m,m s-1,102.0,1,1,0,1.02888822555542,-1.02888822555542,1.02888822555542,persistence,2022-07-01
YPPH,ws10m,m s-1,108.0,1,1,0,2.5722198486328125,2.5722198486328125,2.5722198486328125,persistence,2022-07-01
YPPH,ws10m,m s-1,114.0,1,1,0,4.629995822906494,4.629995822906494,4.629995822906494,persistence,2022-07-01
YPPH,ws10m,m s-1,120.0,1,1,0,1.5433318614959717,1.5433318614959717,1.5433318614959717,persistence,2022-07-01
YPPH,ws10m,m s-1,126.0,1,1,0,1.5433318614959717,1.5433318614959717,1.5433318614959717,persistence,2022-07-01
YPPH,ws10m,m s-1,132.0,1,1,0,3.086663842201233,3.086663842201233,3.086663842201233,persistence,2022-07-01
YPPH,ws10m,m s-1,138.0,1,1,0,3.6011080741882324,-3.6011080741882324,3.6011080741882324,persistence,2022-07-01
YPPH,ws10m,m s-1,144.0,1,1,0,0.0,0.0,0.0,persistence,2022-07-01
YPPH,ws10m,m s-1,150.0,1,1,0,2.0577757358551025,2.0577757358551025,2.0577757358551025,persistence,2022-07-01
YPPH,ws10m,m s-1,156.0,1,1,0,3.086663842201233,3.086663842201233,3.086663842201233,persistence,2022-07-01
YPPH,ws10m,m s-1,162.0,1,1,0,1.5433318614959717,1.5433318614959717,1.5433318614959717,persistence,2022-07-01
YPPH,ws10m,m s-1,168.0,1,1,0,0.0,0.0,0.0,persistence,2022-07-01
YPPH,ws10m,m s-1,174.0,1,1,0,0.0,0.0,0.0,persistence,2022-07-01
YPPH,ws10m,m s-1,180.0,1,1,0,1.0288877487182617,1.0288877487182617,1.0288877487182617,persistence,2022-07-01
YPPH,ws10m,m s-1,186.0,1,1,0,1.0288877487182617,1.0288877487182617,1.0288877487182617,persistence,2022-07-01
YPPH,ws10m,m s-1,192.0,1,1,0,1.5433320999145508,-1.5433320999145508,1.5433320999145508,persistence,2022-07-01
YPPH,ws10m,m s-1,198.0,1,1,0,5.658884525299072,-5.658884525299072,5.658884525299072,persistence,2022-07-01
YPPH,ws10m,m s-1,204.0,1,1,0,2.0577757358551025,2.0577757358551025,2.0577757358551025,persistence,2022-07-01
YPPH,ws10m,m s-1,210.0,1,1,0,5.658884525299072,-5.658884525299072,5.658884525299072,persistence,2022-07-01
YPPH,ws10m,m s-1,216.0,1,1,0,3.0866641998291016,-3.0866641998291016,3.0866641998291016,persistence,2022-07-01
YPPH,ws10m,m s-1,222.0,1,1,0,0.5144443511962891,-0.5144443511962891,0.5144443511962891,persistence,2022-07-01
YPPH,ws10m,m s-1,228.0,1,1,0,2.0577757358551025,2.0577757358551025,2.0577757358551025,persistence,2022-07-01
YPPH,ws10m,m s-1,234.0,1,1,0,2.0577757358551025,2.0577757358551025,2.0577757358551025,persistence,2022-07-01
YPPH,ws10m,m s-1,240.0,1,1,0,2.0577757358551025,2.0577757358551025,2.0577757358551025,persistence,2022-07-01
YPPH,msl,Pa,6.0,1,0,1,,,,FCN,2022-10-01
YPPH,msl,Pa,12.0,1,0,1,,,,FCN,2022-10-01
YPPH,msl,Pa,18.0,1,0,1,,,,FCN,2022-10-01
YPPH,msl,Pa,24.0,1,0,1,,,,FCN,2022-10-01
YPPH,msl,Pa,30.0,1,0,1,,,,FCN,2022-10-01
YPPH,msl,Pa,36.0,1,0,1,,,,FCN,2022-10-01
YPPH,msl,Pa,42.0,1,0,1,,,,FCN,2022-10-01
YPPH,msl,Pa,48.0,1,0,1,,,,FCN,2022-10-01
YPPH,msl,Pa,54.0,1,0,1,,,,FCN,2022-10-01
YPPH,msl,Pa,60.0,1,0,1,,,,FCN,2022-10-01
YPPH,msl,Pa,66.0,1,0,1,,,,FCN,2022-10-01
YPPH,msl,Pa,72.0,1,0,1,,,,FCN,2022-10-01
YPPH,msl,Pa,78.0,1,0,1,,,,FCN,2022-10-01
YPPH,msl,Pa,84.0,1,0,1,,,,FCN,2022-10-01
YPPH,msl,Pa,90.0,1,0,1,,,,FCN,2022-10-01
YPPH,msl,Pa,96.0,1,0,1,,,,FCN,2022-10-01
YPPH,msl,Pa,102.0,1,0,1,,,,FCN,2022-10-01
YPPH,msl,Pa,108.0,1,0,1,,,,FCN,2022-10-01
YPPH,msl,Pa,114.0,1,0,1,,,,FCN,2022-10-01
YPPH,msl,Pa,120.0,1,0,1,,,,FCN,2022-10-01
YPPH,msl,Pa,126.0,1,0,1,,,,FCN,2022-10-01
YPPH,msl,Pa,132.0,1,0,1,,,,FCN,2022-10-01
YPPH,msl,Pa,138.0,1,0,1,,,,FCN,2022-10-01
YPPH,msl,Pa,144.0,1,0,1,,,,FCN,2022-10-01
YPPH,msl,Pa,150.0,1,0,1,,,,FCN,2022-10-01
YPPH,msl,Pa,156.0,1,0,1,,,,FCN,2022-10-01
YPPH,msl,Pa,162.0,1,0,1,,,,FCN,2022-10-01
YPPH,msl,Pa,168.0,1,0,1,,,,FCN,2022-10-01
YPPH,msl,Pa,174.0,1,0,1,,,,FCN,2022-10-01
YPPH,msl,Pa,180.0,1,0,1,,,,FCN,2022-10-01
YPPH,msl,Pa,186.0,1,0,1,,,,FCN,2022-10-01
YPPH,msl,Pa,192.0,1,0,1,,,,FCN,2022-10-01
YPPH,msl,Pa,198.0,1,0,1,,,,FCN,2022-10-01
YPPH,msl,Pa,204.0,1,0,1,,,,FCN,2022-10-01
YPPH,msl,Pa,210.0,1,0,1,,,,FCN,2022-10-01
YPPH,msl,Pa,216.0,1,0,1,,,,FCN,2022-10-01
YPPH,msl,Pa,222.0,1,0,1,,,,FCN,2022-10-01
YPPH,msl,Pa,228.0,1,0,1,,,,FCN,2022-10-01
YPPH,msl,Pa,234.0,1,0,1,,,,FCN,2022-10-01
YPPH,msl,Pa,240.0,1,0,1,,,,FCN,2022-10-01
YPPH,t2m,K,6.0,1,1,0,2.450469970703125,-2.450469970703125,2.450469970703125,FCN,2022-10-01
YPPH,t2m,K,12.0,1,1,0,1.699310302734375,-1.699310302734375,1.699310302734375,FCN,2022-10-01
YPPH,t2m,K,18.0,1,1,0,1.663421630859375,-1.663421630859375,1.663421630859375,FCN,2022-10-01
YPPH,t2m,K,24.0,1,1,0,1.166748046875,-1.166748046875,1.166748046875,FCN,2022-10-01
YPPH,t2m,K,30.0,1,1,0,1.36383056640625,-1.36383056640625,1.36383056640625,FCN,2022-10-01
YPPH,t2m,K,36.0,1,1,0,0.4351806640625,-0.4351806640625,0.4351806640625,FCN,2022-10-01
YPPH,t2m,K,42.0,1,1,0,2.486541748046875,-2.486541748046875,2.486541748046875,FCN,2022-10-01
YPPH,t2m,K,48.0,1,1,0,0.9713134765625,-0.9713134765625,0.9713134765625,FCN,2022-10-01
YPPH,t2m,K,54.0,1,1,0,1.18804931640625,-1.18804931640625,1.18804931640625,FCN,2022-10-01
YPPH,t2m,K,60.0,1,1,0,2.501434326171875,2.501434326171875,2.501434326171875,FCN,2022-10-01
YPPH,t2m,K,66.0,1,1,0,2.600921630859375,-2.600921630859375,2.600921630859375,FCN,2022-10-01
YPPH,t2m,K,72.0,1,1,0,1.20135498046875,-1.20135498046875,1.20135498046875,FCN,2022-10-01
YPPH,t2m,K,78.0,1,1,0,2.687957763671875,-2.687957763671875,2.687957763671875,FCN,2022-10-01
YPPH,t2m,K,84.0,1,1,0,2.230377197265625,-2.230377197265625,2.230377197265625,FCN,2022-10-01
YPPH,t2m,K,90.0,1,1,0,1.25201416015625,-1.25201416015625,1.25201416015625,FCN,2022-10-01
YPPH,t2m,K,96.0,1,1,0,3.233306884765625,-3.233306884765625,3.233306884765625,FCN,2022-10-01
YPPH,t2m,K,102.0,1,1,0,1.05401611328125,-1.05401611328125,1.05401611328125,FCN,2022-10-01
YPPH,t2m,K,108.0,1,1,0,1.12420654296875,-1.12420654296875,1.12420654296875,FCN,2022-10-01
YPPH,t2m,K,114.0,1,1,0,0.450286865234375,-0.450286865234375,0.450286865234375,FCN,2022-10-01
YPPH,t2m,K,120.0,1,1,0,0.64111328125,-0.64111328125,0.64111328125,FCN,2022-10-01
YPPH,t2m,K,126.0,1,1,0,1.522064208984375,-1.522064208984375,1.522064208984375,FCN,2022-10-01
YPPH,t2m,K,132.0,1,1,0,0.926666259765625,-0.926666259765625,0.926666259765625,FCN,2022-10-01
YPPH,t2m,K,138.0,1,1,0,1.219482421875,1.219482421875,1.219482421875,FCN,2022-10-01
YPPH,t2m,K,144.0,1,1,0,1.416595458984375,-1.416595458984375,1.416595458984375,FCN,2022-10-01
YPPH,t2m,K,150.0,1,1,0,2.063018798828125,-2.063018798828125,2.063018798828125,FCN,2022-10-01
YPPH,t2m,K,156.0,1,1,0,1.523834228515625,-1.523834228515625,1.523834228515625,FCN,2022-10-01
YPPH,t2m,K,162.0,1,1,0,3.207794189453125,3.207794189453125,3.207794189453125,FCN,2022-10-01
YPPH,t2m,K,168.0,1,1,0,0.19146728515625,-0.19146728515625,0.19146728515625,FCN,2022-10-01
YPPH,t2m,K,174.0,1,1,0,0.462188720703125,-0.462188720703125,0.462188720703125,FCN,2022-10-01
YPPH,t2m,K,180.0,1,1,0,0.30450439453125,0.30450439453125,0.30450439453125,FCN,2022-10-01
YPPH,t2m,K,186.0,1,1,0,4.661163330078125,4.661163330078125,4.661163330078125,FCN,2022-10-01
YPPH,t2m,K,192.0,1,1,0,4.378997802734375,4.378997802734375,4.378997802734375,FCN,2022-10-01
YPPH,t2m,K,198.0,1,1,0,0.797332763671875,-0.797332763671875,0.797332763671875,FCN,2022-10-01
YPPH,t2m,K,204.0,1,1,0,0.269989013671875,-0.269989013671875,0.269989013671875,FCN,2022-10-01
YPPH,t2m,K,210.0,1,1,0,1.80224609375,-1.80224609375,1.80224609375,FCN,2022-10-01
YPPH,t2m,K,216.0,1,1,0,2.18951416015625,-2.18951416015625,2.18951416015625,FCN,2022-10-01
YPPH,t2m,K,222.0,1,1,0,0.925445556640625,0.925445556640625,0.925445556640625,FCN,2022-10-01
YPPH,t2m,K,228.0,1,1,0,1.348236083984375,1.348236083984375,1.348236083984375,FCN,2022-10-01
YPPH,t2m,K,234.0,1,1,0,6.52069091796875,6.52069091796875,6.52069091796875,FCN,2022-10-01
YPPH,t2m,K,240.0,1,1,0,2.136383056640625,2.136383056640625,2.136383056640625,FCN,2022-10-01
YPPH,u10m,m s-1,6.0,1,1,0,1.0169990062713612,-1.0169990062713612,1.0169990062713612,FCN,2022-10-01
YPPH,u10m,m s-1,12.0,1,1,0,3.9160618782043457,-3.9160618782043457,3.9160618782043457,FCN,2022-10-01
YPPH,u10m,m s-1,18.0,1,1,0,3.01814866065979,-3.01814866065979,3.01814866065979,FCN,2022-10-01
YPPH,u10m,m s-1,24.0,1,1,0,0.9094009399414062,0.9094009399414062,0.9094009399414062,FCN,2022-10-01
YPPH,u10m,m s-1,30.0,1,1,0,1.064342975616455,1.064342975616455,1.064342975616455,FCN,2022-10-01
YPPH,u10m,m s-1,36.0,1,1,0,1.686777114868164,-1.686777114868164,1.686777114868164,FCN,2022-10-01
YPPH,u10m,m s-1,42.0,1,1,0,6.979883193969727,6.979883193969727,6.979883193969727,FCN,2022-10-01
YPPH,u10m,m s-1,48.0,1,1,0,1.2040462493896484,1.2040462493896484,1.2040462493896484,FCN,2022-10-01
YPPH,u10m,m s-1,54.0,1,1,0,2.021816611289978,2.021816611289978,2.021816611289978,FCN,2022-10-01
YPPH,u10m,m s-1,60.0,1,1,0,0.20378172397613525,0.20378172397613525,0.20378172397613525,FCN,2022-10-01
YPPH,u10m,m s-1,66.0,1,1,0,4.769765853881836,4.769765853881836,4.769765853881836,FCN,2022-10-01
YPPH,u10m,m s-1,72.0,1,1,0,0.9454102516174316,0.9454102516174316,0.9454102516174316,FCN,2022-10-01
YPPH,u10m,m s-1,78.0,1,1,0,3.6784147024154663,3.6784147024154663,3.6784147024154663,FCN,2022-10-01
YPPH,u10m,m s-1,84.0,1,1,0,1.649023413658142,-1.649023413658142,1.649023413658142,FCN,2022-10-01
YPPH,u10m,m s-1,90.0,1,1,0,2.169102132320404,2.169102132320404,2.169102132320404,FCN,2022-10-01
YPPH,u10m,m s-1,96.0,1,1,0,0.8652684688568115,-0.8652684688568115,0.8652684688568115,FCN,2022-10-01
YPPH,u10m,m s-1,102.0,1,1,0,2.772958755493164,-2.772958755493164,2.772958755493164,FCN,2022-10-01
YPPH,u10m,m s-1,108.0,1,1,0,0.445936918258667,0.445936918258667,0.445936918258667,FCN,2022-10-01
YPPH,u10m,m s-1,114.0,1,1,0,2.340240478515625,2.340240478515625,2.340240478515625,FCN,2022-10-01
YPPH,u10m,m s-1,120.0,1,1,0,1.5448001623153687,1.5448001623153687,1.5448001623153687,FCN,2022-10-01
YPPH,u10m,m s-1,126.0,1,1,0,3.180939197540283,-3.180939197540283,3.180939197540283,FCN,2022-10-01
YPPH,u10m,m s-1,132.0,1,1,0,0.7409082651138306,-0.7409082651138306,0.7409082651138306,FCN,2022-10-01
YPPH,u10m,m s-1,138.0,1,1,0,0.6270495653152466,-0.6270495653152466,0.6270495653152466,FCN,2022-10-01
YPPH,u10m,m s-1,144.0,1,1,0,0.3795206546783447,0.3795206546783447,0.3795206546783447,FCN,2022-10-01
YPPH,u10m,m s-1,150.0,1,1,0,5.221849799156189,-5.221849799156189,5.221849799156189,FCN,2022-10-01
YPPH,u10m,m s-1,156.0,1,1,0,2.3055014610290527,-2.3055014610290527,2.3055014610290527,FCN,2022-10-01
YPPH,u10m,m s-1,162.0,1,1,0,3.557847261428833,-3.557847261428833,3.557847261428833,FCN,2022-10-01
YPPH,u10m,m s-1,168.0,1,1,0,4.474682807922363,-4.474682807922363,4.474682807922363,FCN,2022-10-01
YPPH,u10m,m s-1,174.0,1,1,0,5.915654271841049,-5.915654271841049,5.915654271841049,FCN,2022-10-01
YPPH,u10m,m s-1,180.0,1,1,0,2.2890923619270325,-2.2890923619270325,2.2890923619270325,FCN,2022-10-01
YPPH,u10m,m s-1,186.0,1,1,0,1.1057956218719482,-1.1057956218719482,1.1057956218719482,FCN,2022-10-01
YPPH,u10m,m s-1,192.0,1,1,0,0.5804717391729355,0.5804717391729355,0.5804717391729355,FCN,2022-10-01
YPPH,u10m,m s-1,198.0,1,1,0,1.181828498840332,-1.181828498840332,1.181828498840332,FCN,2022-10-01
YPPH,u10m,m s-1,204.0,1,1,0,2.210064172744751,2.210064172744751,2.210064172744751,FCN,2022-10-01
YPPH,u10m,m s-1,210.0,1,1,0,2.5806641578674316,2.5806641578674316,2.5806641578674316,FCN,2022-10-01
YPPH,u10m,m s-1,216.0,1,1,0,0.7042815685272217,0.7042815685272217,0.7042815685272217,FCN,2022-10-01
YPPH,u10m,m s-1,222.0,1,1,0,0.19303321838378906,0.19303321838378906,0.19303321838378906,FCN,2022-10-01
YPPH,u10m,m s-1,228.0,1,1,0,0.0539553165435791,-0.0539553165435791,0.0539553165435791,FCN,2022-10-01
YPPH,u10m,m s-1,234.0,1,1,0,1.1762225627899165,1.1762225627899165,1.1762225627899165,FCN,2022-10-01
YPPH,u10m,m s-1,240.0,1,1,0,1.8609290122985833,1.8609290122985833,1.8609290122985833,FCN,2022-10-01
YPPH,v10m,m s-1,6.0,1,1,0,4.812333822250366,-4.812333822250366,4.812333822250366,FCN,2022-10-01
YPPH,v10m,m s-1,12.0,1,1,0,1.6409282684326172,-1.6409282684326172,1.6409282684326172,FCN,2022-10-01
YPPH,v10m,m s-1,18.0,1,1,0,1.1432437896728516,-1.1432437896728516,1.1432437896728516,FCN,2022-10-01
YPPH,v10m,m s-1,24.0,1,1,0,0.011159658432006836,0.011159658432006836,0.011159658432006836,FCN,2022-10-01
YPPH,v10m,m s-1,30.0,1,1,0,0.5780668258666992,0.5780668258666992,0.5780668258666992,FCN,2022-10-01
YPPH,v10m,m s-1,36.0,1,1,0,0.5530664920806885,0.5530664920806885,0.5530664920806885,FCN,2022-10-01
YPPH,v10m,m s-1,42.0,1,1,0,0.24452388286590576,-0.24452388286590576,0.24452388286590576,FCN,2022-10-01
YPPH,v10m,m s-1,48.0,1,1,0,0.8612771630287174,0.8612771630287174,0.8612771630287174,FCN,2022-10-01
YPPH,v10m,m s-1,54.0,1,1,0,3.0363106727600098,3.0363106727600098,3.0363106727600098,FCN,2022-10-01
YPPH,v10m,m s-1,60.0,1,1,0,0.7379342913627625,0.7379342913627625,0.7379342913627625,FCN,2022-10-01
YPPH,v10m,m s-1,66.0,1,1,0,1.0221835374832147,-1.0221835374832147,1.0221835374832147,FCN,2022-10-01
YPPH,v10m,m s-1,72.0,1,1,0,0.9651941061019897,-0.9651941061019897,0.9651941061019897,FCN,2022-10-01
YPPH,v10m,m s-1,78.0,1,1,0,0.19734930992126465,0.19734930992126465,0.19734930992126465,FCN,2022-10-01
YPPH,v10m,m s-1,84.0,1,1,0,3.2481460571289062,3.2481460571289062,3.2481460571289062,FCN,2022-10-01
YPPH,v10m,m s-1,90.0,1,1,0,2.0013420581817627,2.0013420581817627,2.0013420581817627,FCN,2022-10-01
YPPH,v10m,m s-1,96.0,1,1,0,0.09642696380615234,0.09642696380615234,0.09642696380615234,FCN,2022-10-01
YPPH,v10m,m s-1,102.0,1,1,0,6.183928966522217,-6.183928966522217,6.183928966522217,FCN,2022-10-01
YPPH,v10m,m s-1,108.0,1,1,0,4.050758123397827,-4.050758123397827,4.050758123397827,FCN,2022-10-01
YPPH,v10m,m s-1,114.0,1,1,0,1.3120100498199463,-1.3120100498199463,1.3120100498199463,FCN,2022-10-01
YPPH,v10m,m s-1,120.0,1,1,0,1.5605034828186035,1.5605034828186035,1.5605034828186035,FCN,2022-10-01
YPPH,v10m,m s-1,126.0,1,1,0,3.719050168991089,3.719050168991089,3.719050168991089,FCN,2022-10-01
YPPH,v10m,m s-1,132.0,1,1,0,1.100459337234497,-1.100459337234497,1.100459337234497,FCN,2022-10-01
YPPH,v10m,m s-1,138.0,1,1,0,1.2048454284667969,1.2048454284667969,1.2048454284667969,FCN,2022-10-01
YPPH,v10m,m s-1,144.0,1,1,0,2.330094575881958,2.330094575881958,2.330094575881958,FCN,2022-10-01
YPPH,v10m,m s-1,150.0,1,1,0,0.45923709869384766,-0.45923709869384766,0.45923709869384766,FCN,2022-10-01
YPPH,v10m,m s-1,156.0,1,1,0,1.8641571998596191,-1.8641571998596191,1.8641571998596191,FCN,2022-10-01
YPPH,v10m,m s-1,162.0,1,1,0,0.31593412160873413,0.31593412160873413,0.31593412160873413,FCN,2022-10-01
YPPH,v10m,m s-1,168.0,1,1,0,1.8121728897094727,-1.8121728897094727,1.8121728897094727,FCN,2022-10-01
YPPH,v10m,m s-1,174.0,1,1,0,5.197193622589111,-5.197193622589111,5.197193622589111,FCN,2022-10-01
YPPH,v10m,m s-1,180.0,1,1,0,0.8434193134307861,-0.8434193134307861,0.8434193134307861,FCN,2022-10-01
YPPH,v10m,m s-1,186.0,1,1,0,2.037173330783844,2.037173330783844,2.037173330783844,FCN,2022-10-01
YPPH,v10m,m s-1,192.0,1,1,0,3.2180521488189697,3.2180521488189697,3.2180521488189697,FCN,2022-10-01
YPPH,v10m,m s-1,198.0,1,1,0,1.1688568592071533,-1.1688568592071533,1.1688568592071533,FCN,2022-10-01
YPPH,v10m,m s-1,204.0,1,1,0,3.2182940244674683,-3.2182940244674683,3.2182940244674683,FCN,2022-10-01
YPPH,v10m,m s-1,210.0,1,1,0,0.7731045484542847,0.7731045484542847,0.7731045484542847,FCN,2022-10-01
YPPH,v10m,m s-1,216.0,1,1,0,0.9175050258636475,0.9175050258636475,0.9175050258636475,FCN,2022-10-01
YPPH,v10m,m s-1,222.0,1,1,0,5.578295707702637,-5.578295707702637,5.578295707702637,FCN,2022-10-01
YPPH,v10m,m s-1,228.0,1,1,0,1.9478003978729248,-1.9478003978729248,1.9478003978729248,FCN,2022-10-01
YPPH,v10m,m s-1,234.0,1,1,0,2.450456142425537,2.450456142425537,2.450456142425537,FCN,2022-10-01
YPPH,v10m,m s-1,240.0,1,1,0,3.1590421199798584,3.1590421199798584,3.1590421199798584,FCN,2022-10-01
YPPH,ws10m,m s-1,6.0,1,1,0,4.682979583740234,-4.682979583740234,4.682979583740234,FCN,2022-10-01
YPPH,ws10m,m s-1,12.0,1,1,0,0.5036411285400391,0.5036411285400391,0.5036411285400391,FCN,2022-10-01
YPPH,ws10m,m s-1,18.0,1,1,0,1.4246711730957031,1.4246711730957031,1.4246711730957031,FCN,2022-10-01
YPPH,ws10m,m s-1,24.0,1,1,0,0.8432164192199707,-0.8432164192199707,0.8432164192199707,FCN,2022-10-01
YPPH,ws10m,m s-1,30.0,1,1,0,0.7329292297363281,-0.7329292297363281,0.7329292297363281,FCN,2022-10-01
YPPH,ws10m,m s-1,36.0,1,1,0,1.6853833198547363,1.6853833198547363,1.6853833198547363,FCN,2022-10-01
YPPH,ws10m,m s-1,42.0,1,1,0,6.821279525756836,-6.821279525756836,6.821279525756836,FCN,2022-10-01
YPPH,ws10m,m s-1,48.0,1,1,0,1.129960060119629,-1.129960060119629,1.129960060119629,FCN,2022-10-01
YPPH,ws10m,m s-1,54.0,1,1,0,2.2889726161956787,-2.2889726161956787,2.2889726161956787,FCN,2022-10-01
YPPH,ws10m,m s-1,60.0,1,1,0,0.19414281845092773,0.19414281845092773,0.19414281845092773,FCN,2022-10-01
YPPH,ws10m,m s-1,66.0,1,1,0,4.6548871994018555,-4.6548871994018555,4.6548871994018555,FCN,2022-10-01
YPPH,ws10m,m s-1,72.0,1,1,0,0.4119901657104492,-0.4119901657104492,0.4119901657104492,FCN,2022-10-01
YPPH,ws10m,m s-1,78.0,1,1,0,0.4164752960205078,0.4164752960205078,0.4164752960205078,FCN,2022-10-01
YPPH,ws10m,m s-1,84.0,1,1,0,3.3928215503692627,-3.3928215503692627,3.3928215503692627,FCN,2022-10-01
YPPH,ws10m,m s-1,90.0,1,1,0,0.5764155387878418,-0.5764155387878418,0.5764155387878418,FCN,2022-10-01
YPPH,ws10m,m s-1,96.0,1,1,0,0.5653467178344727,-0.5653467178344727,0.5653467178344727,FCN,2022-10-01
YPPH,ws10m,m s-1,102.0,1,1,0,6.2741780281066895,-6.2741780281066895,6.2741780281066895,FCN,2022-10-01
YPPH,ws10m,m s-1,108.0,1,1,0,3.221466541290283,-3.221466541290283,3.221466541290283,FCN,2022-10-01
YPPH,ws10m,m s-1,114.0,1,1,0,0.5885720252990723,-0.5885720252990723,0.5885720252990723,FCN,2022-10-01
YPPH,ws10m,m s-1,120.0,1,1,0,2.1958093643188477,2.1958093643188477,2.1958093643188477,FCN,2022-10-01
YPPH,ws10m,m s-1,126.0,1,1,0,2.2479188442230225,-2.2479188442230225,2.2479188442230225,FCN,2022-10-01
YPPH,ws10m,m s-1,132.0,1,1,0,1.2694694995880127,-1.2694694995880127,1.2694694995880127,FCN,2022-10-01
YPPH,ws10m,m s-1,138.0,1,1,0,1.302698016166687,1.302698016166687,1.302698016166687,FCN,2022-10-01
YPPH,ws10m,m s-1,144.0,1,1,0,0.4021894931793213,-0.4021894931793213,0.4021894931793213,FCN,2022-10-01
YPPH,ws10m,m s-1,150.0,1,1,0,3.267025947570801,-3.267025947570801,3.267025947570801,FCN,2022-10-01
YPPH,ws10m,m s-1,156.0,1,1,0,2.040696859359741,-2.040696859359741,2.040696859359741,FCN,2022-10-01
YPPH,ws10m,m s-1,162.0,1,1,0,3.5718469619750977,3.5718469619750977,3.5718469619750977,FCN,2022-10-01
YPPH,ws10m,m s-1,168.0,1,1,0,4.827707290649414,4.827707290649414,4.827707290649414,FCN,2022-10-01
YPPH,ws10m,m s-1,174.0,1,1,0,4.830328822135925,-4.830328822135925,4.830328822135925,FCN,2022-10-01
YPPH,ws10m,m s-1,180.0,1,1,0,0.9657573699951172,-0.9657573699951172,0.9657573699951172,FCN,2022-10-01
YPPH,ws10m,m s-1,186.0,1,1,0,0.7220083475112915,0.7220083475112915,0.7220083475112915,FCN,2022-10-01
YPPH,ws10m,m s-1,192.0,1,1,0,0.8455233573913574,-0.8455233573913574,0.8455233573913574,FCN,2022-10-01
YPPH,ws10m,m s-1,198.0,1,1,0,1.590477466583252,-1.590477466583252,1.590477466583252,FCN,2022-10-01
YPPH,ws10m,m s-1,204.0,1,1,0,0.6709516048431396,-0.6709516048431396,0.6709516048431396,FCN,2022-10-01
YPPH,ws10m,m s-1,210.0,1,1,0,2.364651679992676,2.364651679992676,2.364651679992676,FCN,2022-10-01
YPPH,ws10m,m s-1,216.0,1,1,0,1.0875239372253418,1.0875239372253418,1.0875239372253418,FCN,2022-10-01
YPPH,ws10m,m s-1,222.0,1,1,0,3.996682643890381,-3.996682643890381,3.996682643890381,FCN,2022-10-01
YPPH,ws10m,m s-1,228.0,1,1,0,1.5907392501831055,-1.5907392501831055,1.5907392501831055,FCN,2022-10-01
YPPH,ws10m,m s-1,234.0,1,1,0,0.05794525146484375,-0.05794525146484375,0.05794525146484375,FCN,2022-10-01
YPPH,ws10m,m s-1,240.0,1,1,0,0.6209597587585449,-0.6209597587585449,0.6209597587585449,FCN,2022-10-01
YPPH,msl,Pa,6.0,1,0,1,,,,persistence,2022-10-01
YPPH,msl,Pa,12.0,1,0,1,,,,persistence,2022-10-01
YPPH,msl,Pa,18.0,1,0,1,,,,persistence,2022-10-01
YPPH,msl,Pa,24.0,1,0,1,,,,persistence,2022-10-01
YPPH,msl,Pa,30.0,1,0,1,,,,persistence,2022-10-01
YPPH,msl,Pa,36.0,1,0,1,,,,persistence,2022-10-01
YPPH,msl,Pa,42.0,1,0,1,,,,persistence,2022-10-01
YPPH,msl,Pa,48.0,1,0,1,,,,persistence,2022-10-01
YPPH,msl,Pa,54.0,1,0,1,,,,persistence,2022-10-01
YPPH,msl,Pa,60.0,1,0,1,,,,persistence,2022-10-01
YPPH,msl,Pa,66.0,1,0,1,,,,persistence,2022-10-01
YPPH,msl,Pa,72.0,1,0,1,,,,persistence,2022-10-01
YPPH,msl,Pa,78.0,1,0,1,,,,persistence,2022-10-01
YPPH,msl,Pa,84.0,1,0,1,,,,persistence,2022-10-01
YPPH,msl,Pa,90.0,1,0,1,,,,persistence,2022-10-01
YPPH,msl,Pa,96.0,1,0,1,,,,persistence,2022-10-01
YPPH,msl,Pa,102.0,1,0,1,,,,persistence,2022-10-01
YPPH,msl,Pa,108.0,1,0,1,,,,persistence,2022-10-01
YPPH,msl,Pa,114.0,1,0,1,,,,persistence,2022-10-01
YPPH,msl,Pa,120.0,1,0,1,,,,persistence,2022-10-01
YPPH,msl,Pa,126.0,1,0,1,,,,persistence,2022-10-01
YPPH,msl,Pa,132.0,1,0,1,,,,persistence,2022-10-01
YPPH,msl,Pa,138.0,1,0,1,,,,persistence,2022-10-01
YPPH,msl,Pa,144.0,1,0,1,,,,persistence,2022-10-01
YPPH,msl,Pa,150.0,1,0,1,,,,persistence,2022-10-01
YPPH,msl,Pa,156.0,1,0,1,,,,persistence,2022-10-01
YPPH,msl,Pa,162.0,1,0,1,,,,persistence,2022-10-01
YPPH,msl,Pa,168.0,1,0,1,,,,persistence,2022-10-01
YPPH,msl,Pa,174.0,1,0,1,,,,persistence,2022-10-01
YPPH,msl,Pa,180.0,1,0,1,,,,persistence,2022-10-01
YPPH,msl,Pa,186.0,1,0,1,,,,persistence,2022-10-01
YPPH,msl,Pa,192.0,1,0,1,,,,persistence,2022-10-01
YPPH,msl,Pa,198.0,1,0,1,,,,persistence,2022-10-01
YPPH,msl,Pa,204.0,1,0,1,,,,persistence,2022-10-01
YPPH,msl,Pa,210.0,1,0,1,,,,persistence,2022-10-01
YPPH,msl,Pa,216.0,1,0,1,,,,persistence,2022-10-01
YPPH,msl,Pa,222.0,1,0,1,,,,persistence,2022-10-01
YPPH,msl,Pa,228.0,1,0,1,,,,persistence,2022-10-01
YPPH,msl,Pa,234.0,1,0,1,,,,persistence,2022-10-01
YPPH,msl,Pa,240.0,1,0,1,,,,persistence,2022-10-01
YPPH,t2m,K,6.0,1,1,0,8.0,-8.0,8.0,persistence,2022-10-01
YPPH,t2m,K,12.0,1,1,0,1.0,-1.0,1.0,persistence,2022-10-01
YPPH,t2m,K,18.0,1,1,0,4.0,4.0,4.0,persistence,2022-10-01
YPPH,t2m,K,24.0,1,1,0,2.0,2.0,2.0,persistence,2022-10-01
YPPH,t2m,K,30.0,1,1,0,3.0,-3.0,3.0,persistence,2022-10-01
YPPH,t2m,K,36.0,1,1,0,3.0,3.0,3.0,persistence,2022-10-01
YPPH,t2m,K,42.0,1,1,0,5.0,5.0,5.0,persistence,2022-10-01
YPPH,t2m,K,48.0,1,1,0,4.0,4.0,4.0,persistence,2022-10-01
YPPH,t2m,K,54.0,1,1,0,2.0,-2.0,2.0,persistence,2022-10-01
YPPH,t2m,K,60.0,1,1,0,6.0,6.0,6.0,persistence,2022-10-01
YPPH,t2m,K,66.0,1,1,0,6.0,6.0,6.0,persistence,2022-10-01
YPPH,t2m,K,72.0,1,1,0,3.0,3.0,3.0,persistence,2022-10-01
YPPH,t2m,K,78.0,1,1,0,7.0,-7.0,7.0,persistence,2022-10-01
YPPH,t2m,K,84.0,1,1,0,0.0,0.0,0.0,persistence,2022-10-01
YPPH,t2m,K,90.0,1,1,0,3.0,3.0,3.0,persistence,2022-10-01
YPPH,t2m,K,96.0,1,1,0,1.0,1.0,1.0,persistence,2022-10-01
YPPH,t2m,K,102.0,1,1,0,0.0,0.0,0.0,persistence,2022-10-01
YPPH,t2m,K,108.0,1,1,0,4.0,4.0,4.0,persistence,2022-10-01
YPPH,t2m,K,114.0,1,1,0,8.0,8.0,8.0,persistence,2022-10-01
YPPH,t2m,K,120.0,1,1,0,4.0,4.0,4.0,persistence,2022-10-01
YPPH,t2m,K,126.0,1,1,0,0.0,0.0,0.0,persistence,2022-10-01
YPPH,t2m,K,132.0,1,1,0,4.0,4.0,4.0,persistence,2022-10-01
YPPH,t2m,K,138.0,1,1,0,10.0,10.0,10.0,persistence,2022-10-01
YPPH,t2m,K,144.0,1,1,0,4.0,4.0,4.0,persistence,2022-10-01
YPPH,t2m,K,150.0,1,1,0,2.0,-2.0,2.0,persistence,2022-10-01
YPPH,t2m,K,156.0,1,1,0,3.0,3.0,3.0,persistence,2022-10-01
YPPH,t2m,K,162.0,1,1,0,12.0,12.0,12.0,persistence,2022-10-01
YPPH,t2m,K,168.0,1,1,0,3.0,3.0,3.0,persistence,2022-10-01
YPPH,t2m,K,174.0,1,1,0,5.0,-5.0,5.0,persistence,2022-10-01
YPPH,t2m,K,180.0,1,1,0,2.0,2.0,2.0,persistence,2022-10-01
YPPH,t2m,K,186.0,1,1,0,10.0,10.0,10.0,persistence,2022-10-01
YPPH,t2m,K,192.0,1,1,0,5.0,5.0,5.0,persistence,2022-10-01
YPPH,t2m,K,198.0,1,1,0,2.0,-2.0,2.0,persistence,2022-10-01
YPPH,t2m,K,204.0,1,1,0,2.0,2.0,2.0,persistence,2022-10-01
YPPH,t2m,K,210.0,1,1,0,3.0,3.0,3.0,persistence,2022-10-01
YPPH,t2m,K,216.0,1,1,0,1.0,1.0,1.0,persistence,2022-10-01
YPPH,t2m,K,222.0,1,1,0,1.0,1.0,1.0,persistence,2022-10-01
YPPH,t2m,K,228.0,1,1,0,5.0,5.0,5.0,persistence,2022-10-01
YPPH,t2m,K,234.0,1,1,0,13.0,13.0,13.0,persistence,2022-10-01
YPPH,t2m,K,240.0,1,1,0,5.0,5.0,5.0,persistence,2022-10-01
YPPH,u10m,m s-1,6.0,1,1,0,1.800554037094115,-1.800554037094115,1.800554037094115,persistence,2022-10-01
YPPH,u10m,m s-1,12.0,1,1,0,0.7285668849945068,-0.7285668849945068,0.7285668849945068,persistence,2022-10-01
YPPH,u10m,m s-1,18.0,1,1,0,0.5144438743591309,0.5144438743591309,0.5144438743591309,persistence,2022-10-01
YPPH,u10m,m s-1,24.0,1,1,0,5.450734376907349,5.450734376907349,5.450734376907349,persistence,2022-10-01
YPPH,u10m,m s-1,30.0,1,1,0,4.483896017074585,4.483896017074585,4.483896017074585,persistence,2022-10-01
YPPH,u10m,m s-1,36.0,1,1,0,1.3521416187286377,1.3521416187286377,1.3521416187286377,persistence,2022-10-01
YPPH,u10m,m s-1,42.0,1,1,0,9.851900339126587,9.851900339126587,9.851900339126587,persistence,2022-10-01
YPPH,u10m,m s-1,48.0,1,1,0,4.372773885726929,4.372773885726929,4.372773885726929,persistence,2022-10-01
YPPH,u10m,m s-1,54.0,1,1,0,1.7636184692382812,1.7636184692382812,1.7636184692382812,persistence,2022-10-01
YPPH,u10m,m s-1,60.0,1,1,0,0.13312292098999023,0.13312292098999023,0.13312292098999023,persistence,2022-10-01
YPPH,u10m,m s-1,66.0,1,1,0,7.459437608718872,7.459437608718872,7.459437608718872,persistence,2022-10-01
YPPH,u10m,m s-1,72.0,1,1,0,3.5170576572418213,3.5170576572418213,3.5170576572418213,persistence,2022-10-01
YPPH,u10m,m s-1,78.0,1,1,0,0.5689026117324829,-0.5689026117324829,0.5689026117324829,persistence,2022-10-01
YPPH,u10m,m s-1,84.0,1,1,0,5.438014507293701,-5.438014507293701,5.438014507293701,persistence,2022-10-01
YPPH,u10m,m s-1,90.0,1,1,0,2.515212118625641,-2.515212118625641,2.515212118625641,persistence,2022-10-01
YPPH,u10m,m s-1,96.0,1,1,0,6.529597520828247,-6.529597520828247,6.529597520828247,persistence,2022-10-01
YPPH,u10m,m s-1,102.0,1,1,0,10.398188352584839,-10.398188352584839,10.398188352584839,persistence,2022-10-01
YPPH,u10m,m s-1,108.0,1,1,0,4.263856887817383,-4.263856887817383,4.263856887817383,persistence,2022-10-01
YPPH,u10m,m s-1,114.0,1,1,0,1.2645604610443115,-1.2645604610443115,1.2645604610443115,persistence,2022-10-01
YPPH,u10m,m s-1,120.0,1,1,0,1.8005540370941162,-1.8005540370941162,1.8005540370941162,persistence,2022-10-01
YPPH,u10m,m s-1,126.0,1,1,0,7.8800952434539795,-7.8800952434539795,7.8800952434539795,persistence,2022-10-01
YPPH,u10m,m s-1,132.0,1,1,0,3.2081557512283325,-3.2081557512283325,3.2081557512283325,persistence,2022-10-01
YPPH,u10m,m s-1,138.0,1,1,0,0.6182931661605835,-0.6182931661605835,0.6182931661605835,persistence,2022-10-01
YPPH,u10m,m s-1,144.0,1,1,0,1.5833804607391357,1.5833804607391357,1.5833804607391357,persistence,2022-10-01
YPPH,u10m,m s-1,150.0,1,1,0,6.70129132270813,-6.70129132270813,6.70129132270813,persistence,2022-10-01
YPPH,u10m,m s-1,156.0,1,1,0,3.384105920791626,-3.384105920791626,3.384105920791626,persistence,2022-10-01
YPPH,u10m,m s-1,162.0,1,1,0,1.8005540370941162,-1.8005540370941162,1.8005540370941162,persistence,2022-10-01
YPPH,u10m,m s-1,168.0,1,1,0,1.8005540370941162,-1.8005540370941162,1.8005540370941162,persistence,2022-10-01
YPPH,u10m,m s-1,174.0,1,1,0,7.592334508895874,-7.592334508895874,7.592334508895874,persistence,2022-10-01
YPPH,u10m,m s-1,180.0,1,1,0,3.2081557512283325,-3.2081557512283325,3.2081557512283325,persistence,2022-10-01
YPPH,u10m,m s-1,186.0,1,1,0,0.8085193634033203,-0.8085193634033203,0.8085193634033203,persistence,2022-10-01
YPPH,u10m,m s-1,192.0,1,1,0,1.4432249963283539,-1.4432249963283539,1.4432249963283539,persistence,2022-10-01
YPPH,u10m,m s-1,198.0,1,1,0,7.592334508895874,-7.592334508895874,7.592334508895874,persistence,2022-10-01
YPPH,u10m,m s-1,204.0,1,1,0,3.384105920791626,-3.384105920791626,3.384105920791626,persistence,2022-10-01
YPPH,u10m,m s-1,210.0,1,1,0,2.829442024230957,-2.829442024230957,2.829442024230957,persistence,2022-10-01
YPPH,u10m,m s-1,216.0,1,1,0,5.364726543426514,-5.364726543426514,5.364726543426514,persistence,2022-10-01
YPPH,u10m,m s-1,222.0,1,1,0,6.944994211196899,-6.944994211196899,6.944994211196899,persistence,2022-10-01
YPPH,u10m,m s-1,228.0,1,1,0,4.372774124145508,-4.372774124145508,4.372774124145508,persistence,2022-10-01
YPPH,u10m,m s-1,234.0,1,1,0,1.8005540370941167,-1.8005540370941167,1.8005540370941167,persistence,2022-10-01
YPPH,u10m,m s-1,240.0,1,1,0,1.8005540370941169,-1.8005540370941169,1.8005540370941169,persistence,2022-10-01
YPPH,v10m,m s-1,6.0,1,1,0,5.62689733505249,-5.62689733505249,5.62689733505249,persistence,2022-10-01
YPPH,v10m,m s-1,12.0,1,1,0,2.960890293121338,-2.960890293121338,2.960890293121338,persistence,2022-10-01
YPPH,v10m,m s-1,18.0,1,1,0,0.8910431861877441,-0.8910431861877441,0.8910431861877441,persistence,2022-10-01
YPPH,v10m,m s-1,24.0,1,1,0,0.4793977737426758,0.4793977737426758,0.4793977737426758,persistence,2022-10-01
YPPH,v10m,m s-1,30.0,1,1,0,0.8312981128692627,0.8312981128692627,0.8312981128692627,persistence,2022-10-01
YPPH,v10m,m s-1,36.0,1,1,0,0.47322511672973633,0.47322511672973633,0.47322511672973633,persistence,2022-10-01
YPPH,v10m,m s-1,42.0,1,1,0,1.0640089511871338,1.0640089511871338,1.0640089511871338,persistence,2022-10-01
YPPH,v10m,m s-1,48.0,1,1,0,3.118650913238526,3.118650913238526,3.118650913238526,persistence,2022-10-01
YPPH,v10m,m s-1,54.0,1,1,0,5.176426887512207,5.176426887512207,5.176426887512207,persistence,2022-10-01
YPPH,v10m,m s-1,60.0,1,1,0,2.4148500561714172,2.4148500561714172,2.4148500561714172,persistence,2022-10-01
YPPH,v10m,m s-1,66.0,1,1,0,3.118650913238526,3.118650913238526,3.118650913238526,persistence,2022-10-01
YPPH,v10m,m s-1,72.0,1,1,0,5.054103255271912,5.054103255271912,5.054103255271912,persistence,2022-10-01
YPPH,v10m,m s-1,78.0,1,1,0,6.502585411071777,6.502585411071777,6.502585411071777,persistence,2022-10-01
YPPH,v10m,m s-1,84.0,1,1,0,7.453607559204102,7.453607559204102,7.453607559204102,persistence,2022-10-01
YPPH,v10m,m s-1,90.0,1,1,0,7.17167854309082,7.17167854309082,7.17167854309082,persistence,2022-10-01
YPPH,v10m,m s-1,96.0,1,1,0,0.8494877815246582,-0.8494877815246582,0.8494877815246582,persistence,2022-10-01
YPPH,v10m,m s-1,102.0,1,1,0,7.127610683441162,-7.127610683441162,7.127610683441162,persistence,2022-10-01
YPPH,v10m,m s-1,108.0,1,1,0,3.6492180824279785,-3.6492180824279785,3.6492180824279785,persistence,2022-10-01
YPPH,v10m,m s-1,114.0,1,1,0,0.07888031005859375,0.07888031005859375,0.07888031005859375,persistence,2022-10-01
YPPH,v10m,m s-1,120.0,1,1,0,3.1186509132385254,3.1186509132385254,3.1186509132385254,persistence,2022-10-01
YPPH,v10m,m s-1,126.0,1,1,0,4.190638065338135,4.190638065338135,4.190638065338135,persistence,2022-10-01
YPPH,v10m,m s-1,132.0,1,1,0,0.7487030029296875,-0.7487030029296875,0.7487030029296875,persistence,2022-10-01
YPPH,v10m,m s-1,138.0,1,1,0,2.1266162395477295,2.1266162395477295,2.1266162395477295,persistence,2022-10-01
YPPH,v10m,m s-1,144.0,1,1,0,4.350302338600159,4.350302338600159,4.350302338600159,persistence,2022-10-01
YPPH,v10m,m s-1,150.0,1,1,0,0.28920888900756836,0.28920888900756836,0.28920888900756836,persistence,2022-10-01
YPPH,v10m,m s-1,156.0,1,1,0,1.2321219444274902,-1.2321219444274902,1.2321219444274902,persistence,2022-10-01
YPPH,v10m,m s-1,162.0,1,1,0,3.1186509132385254,3.1186509132385254,3.1186509132385254,persistence,2022-10-01
YPPH,v10m,m s-1,168.0,1,1,0,3.1186509132385254,3.1186509132385254,3.1186509132385254,persistence,2022-10-01
YPPH,v10m,m s-1,174.0,1,1,0,0.2252349853515625,-0.2252349853515625,0.2252349853515625,persistence,2022-10-01
YPPH,v10m,m s-1,180.0,1,1,0,0.7487030029296875,-0.7487030029296875,0.7487030029296875,persistence,2022-10-01
YPPH,v10m,m s-1,186.0,1,1,0,4.300911784172058,4.300911784172058,4.300911784172058,persistence,2022-10-01
YPPH,v10m,m s-1,192.0,1,1,0,5.145164728164673,5.145164728164673,5.145164728164673,persistence,2022-10-01
YPPH,v10m,m s-1,198.0,1,1,0,0.2252349853515625,-0.2252349853515625,0.2252349853515625,persistence,2022-10-01
YPPH,v10m,m s-1,204.0,1,1,0,1.2321219444274902,-1.2321219444274902,1.2321219444274902,persistence,2022-10-01
YPPH,v10m,m s-1,210.0,1,1,0,1.3365646600723267,1.3365646600723267,1.3365646600723267,persistence,2022-10-01
YPPH,v10m,m s-1,216.0,1,1,0,1.0608749389648438,1.0608749389648438,1.0608749389648438,persistence,2022-10-01
YPPH,v10m,m s-1,222.0,1,1,0,5.791780948638916,-5.791780948638916,5.791780948638916,persistence,2022-10-01
YPPH,v10m,m s-1,228.0,1,1,0,1.3365650177001953,-1.3365650177001953,1.3365650177001953,persistence,2022-10-01
YPPH,v10m,m s-1,234.0,1,1,0,4.661982893943787,4.661982893943787,4.661982893943787,persistence,2022-10-01
YPPH,v10m,m s-1,240.0,1,1,0,5.690871000289917,5.690871000289917,5.690871000289917,persistence,2022-10-01
YPPH,ws10m,m s-1,6.0,1,1,0,5.144440174102783,-5.144440174102783,5.144440174102783,persistence,2022-10-01
YPPH,ws10m,m s-1,12.0,1,1,0,2.5722198486328125,-2.5722198486328125,2.5722198486328125,persistence,2022-10-01
YPPH,ws10m,m s-1,18.0,1,1,0,1.0288877487182617,-1.0288877487182617,1.0288877487182617,persistence,2022-10-01
YPPH,ws10m,m s-1,24.0,1,1,0,4.115551948547363,-4.115551948547363,4.115551948547363,persistence,2022-10-01
YPPH,ws10m,m s-1,30.0,1,1,0,3.0866637229919434,-3.0866637229919434,3.0866637229919434,persistence,2022-10-01
YPPH,ws10m,m s-1,36.0,1,1,0,0.5144438743591309,-0.5144438743591309,0.5144438743591309,persistence,2022-10-01
YPPH,ws10m,m s-1,42.0,1,1,0,8.231104373931885,-8.231104373931885,8.231104373931885,persistence,2022-10-01
YPPH,ws10m,m s-1,48.0,1,1,0,2.5722198486328125,-2.5722198486328125,2.5722198486328125,persistence,2022-10-01
YPPH,ws10m,m s-1,54.0,1,1,0,0.5144438743591309,-0.5144438743591309,0.5144438743591309,persistence,2022-10-01
YPPH,ws10m,m s-1,60.0,1,1,0,1.5433320999145508,1.5433320999145508,1.5433320999145508,persistence,2022-10-01
YPPH,ws10m,m s-1,66.0,1,1,0,5.658883571624756,-5.658883571624756,5.658883571624756,persistence,2022-10-01
YPPH,ws10m,m s-1,72.0,1,1,0,2.0577759742736816,-2.0577759742736816,2.0577759742736816,persistence,2022-10-01
YPPH,ws10m,m s-1,78.0,1,1,0,0.0,0.0,0.0,persistence,2022-10-01
YPPH,ws10m,m s-1,84.0,1,1,0,2.0577759742736816,-2.0577759742736816,2.0577759742736816,persistence,2022-10-01
YPPH,ws10m,m s-1,90.0,1,1,0,0.5144438743591309,-0.5144438743591309,0.5144438743591309,persistence,2022-10-01
YPPH,ws10m,m s-1,96.0,1,1,0,2.5722198486328125,-2.5722198486328125,2.5722198486328125,persistence,2022-10-01
YPPH,ws10m,m s-1,102.0,1,1,0,9.77443552017212,-9.77443552017212,9.77443552017212,persistence,2022-10-01
YPPH,ws10m,m s-1,108.0,1,1,0,3.6011080741882324,-3.6011080741882324,3.6011080741882324,persistence,2022-10-01
YPPH,ws10m,m s-1,114.0,1,1,0,0.51444411277771,0.51444411277771,0.51444411277771,persistence,2022-10-01
YPPH,ws10m,m s-1,120.0,1,1,0,3.6011080741882324,3.6011080741882324,3.6011080741882324,persistence,2022-10-01
YPPH,ws10m,m s-1,126.0,1,1,0,2.5722198486328125,-2.5722198486328125,2.5722198486328125,persistence,2022-10-01
YPPH,ws10m,m s-1,132.0,1,1,0,0.5144438743591309,-0.5144438743591309,0.5144438743591309,persistence,2022-10-01
YPPH,ws10m,m s-1,138.0,1,1,0,2.057776093482971,2.057776093482971,2.057776093482971,persistence,2022-10-01
YPPH,ws10m,m s-1,144.0,1,1,0,0.0,0.0,0.0,persistence,2022-10-01
YPPH,ws10m,m s-1,150.0,1,1,0,2.0577759742736816,-2.0577759742736816,2.0577759742736816,persistence,2022-10-01
YPPH,ws10m,m s-1,156.0,1,1,0,1.0288877487182617,-1.0288877487182617,1.0288877487182617,persistence,2022-10-01
YPPH,ws10m,m s-1,162.0,1,1,0,3.6011080741882324,3.6011080741882324,3.6011080741882324,persistence,2022-10-01
YPPH,ws10m,m s-1,168.0,1,1,0,3.6011080741882324,3.6011080741882324,3.6011080741882324,persistence,2022-10-01
YPPH,ws10m,m s-1,174.0,1,1,0,3.0866637229919434,-3.0866637229919434,3.0866637229919434,persistence,2022-10-01
YPPH,ws10m,m s-1,180.0,1,1,0,0.5144438743591309,-0.5144438743591309,0.5144438743591309,persistence,2022-10-01
YPPH,ws10m,m s-1,186.0,1,1,0,2.057776093482971,2.057776093482971,2.057776093482971,persistence,2022-10-01
YPPH,ws10m,m s-1,192.0,1,1,0,1.5433320999145508,1.5433320999145508,1.5433320999145508,persistence,2022-10-01
YPPH,ws10m,m s-1,198.0,1,1,0,3.0866637229919434,-3.0866637229919434,3.0866637229919434,persistence,2022-10-01
YPPH,ws10m,m s-1,204.0,1,1,0,1.0288877487182617,-1.0288877487182617,1.0288877487182617,persistence,2022-10-01
YPPH,ws10m,m s-1,210.0,1,1,0,1.5433320999145508,1.5433320999145508,1.5433320999145508,persistence,2022-10-01
YPPH,ws10m,m s-1,216.0,1,1,0,0.5144438743591309,-0.5144438743591309,0.5144438743591309,persistence,2022-10-01
YPPH,ws10m,m s-1,222.0,1,1,0,6.687772274017334,-6.687772274017334,6.687772274017334,persistence,2022-10-01
YPPH,ws10m,m s-1,228.0,1,1,0,1.5433320999145508,-1.5433320999145508,1.5433320999145508,persistence,2022-10-01
YPPH,ws10m,m s-1,234.0,1,1,0,2.057776093482971,2.057776093482971,2.057776093482971,persistence,2022-10-01
YPPH,ws10m,m s-1,240.0,1,1,0,1.0288879871368408,1.0288879871368408,1.0288879871368408,persistence,2022-10-01
